PROGNAME,VARIANT,ARGS,HOSTNAME,RUNID,CI_BUILD_ID,THREADS,DATETIME,MINTIME,MEDIANTIME,MAXTIME,MINTIME_PRODUCTIVITY,MEDIANTIME_PRODUCTIVITY,MAXTIME_PRODUCTIVITY,ALLTIMES,TRIALS,COMPILER,COMPILE_FLAGS,RUNTIME_FLAGS,ENV_VARS,BENCH_VERSION,BENCH_FILE,UNAME,PROCESSOR,TOPOLOGY,GIT_BRANCH,GIT_HASH,GIT_DEPTH,WHO,ETC_ISSUE,LSPCI,FULL_LOG,MEDIANTIME_ALLOCRATE,MEDIANTIME_MEMFOOTPRINT,ALLJITTIMES,RETRIES
"sumtree","boxed","1","RNXPS13","RNXPS13_1498740805","","0","2017-06-29 12:53:25.382695 UTC","1.243e-8","1.243e-8","1.243e-8","","","","1.243e-8","1","","","","[[]]","0.0","","Linux RNXPS13 4.9.30 #1-NixOS SMP Thu May 25 13:45:05 UTC 2017 x86_64 GNU/Linux","","Nothing","master","749ae5b234394a030081bf9a0502709bc82ec9a7","998","rrnewton tty7         2017-06-22 07:52 (:0)\n","","","","","","","0"
"sumtree","packed","1","RNXPS13","RNXPS13_1498740805","","0","2017-06-29 12:53:25.382695 UTC","1.19e-8","1.19e-8","1.19e-8","","","","1.19e-8","1","","","","[[]]","0.0","","Linux RNXPS13 4.9.30 #1-NixOS SMP Thu May 25 13:45:05 UTC 2017 x86_64 GNU/Linux","","Nothing","master","749ae5b234394a030081bf9a0502709bc82ec9a7","998","rrnewton tty7         2017-06-22 07:52 (:0)\n","","","","","","","0"
"sumtree","ST-packed","1","RNXPS13","RNXPS13_1498740805","","0","2017-06-29 12:53:25.382695 UTC","2.9800000000000002e-8","2.9800000000000002e-8","2.9800000000000002e-8","","","","2.9800000000000002e-8","1","","","","[[]]","0.0","","Linux RNXPS13 4.9.30 #1-NixOS SMP Thu May 25 13:45:05 UTC 2017 x86_64 GNU/Linux","","Nothing","master","749ae5b234394a030081bf9a0502709bc82ec9a7","998","rrnewton tty7         2017-06-22 07:52 (:0)\n","","","","","","","0"
"sumtree","unpack-repack","1","RNXPS13","RNXPS13_1498740805","","0","2017-06-29 12:53:25.382695 UTC","2.507e-8","2.507e-8","2.507e-8","","","","2.507e-8","1","","","","[[]]","0.0","","Linux RNXPS13 4.9.30 #1-NixOS SMP Thu May 25 13:45:05 UTC 2017 x86_64 GNU/Linux","","Nothing","master","749ae5b234394a030081bf9a0502709bc82ec9a7","998","rrnewton tty7         2017-06-22 07:52 (:0)\n","","","","","","","0"
"sumtree","boxed","2","RNXPS13","RNXPS13_1498740805","","0","2017-06-29 12:53:25.382695 UTC","2.088e-8","2.088e-8","2.088e-8","","","","2.088e-8","1","","","","[[]]","0.0","","Linux RNXPS13 4.9.30 #1-NixOS SMP Thu May 25 13:45:05 UTC 2017 x86_64 GNU/Linux","","Nothing","master","749ae5b234394a030081bf9a0502709bc82ec9a7","998","rrnewton tty7         2017-06-22 07:52 (:0)\n","","","","","","","0"
"sumtree","packed","2","RNXPS13","RNXPS13_1498740805","","0","2017-06-29 12:53:25.382695 UTC","2.012e-8","2.012e-8","2.012e-8","","","","2.012e-8","1","","","","[[]]","0.0","","Linux RNXPS13 4.9.30 #1-NixOS SMP Thu May 25 13:45:05 UTC 2017 x86_64 GNU/Linux","","Nothing","master","749ae5b234394a030081bf9a0502709bc82ec9a7","998","rrnewton tty7         2017-06-22 07:52 (:0)\n","","","","","","","0"
"sumtree","ST-packed","2","RNXPS13","RNXPS13_1498740805","","0","2017-06-29 12:53:25.382695 UTC","6.244e-8","6.244e-8","6.244e-8","","","","6.244e-8","1","","","","[[]]","0.0","","Linux RNXPS13 4.9.30 #1-NixOS SMP Thu May 25 13:45:05 UTC 2017 x86_64 GNU/Linux","","Nothing","master","749ae5b234394a030081bf9a0502709bc82ec9a7","998","rrnewton tty7         2017-06-22 07:52 (:0)\n","","","","","","","0"
"sumtree","unpack-repack","2","RNXPS13","RNXPS13_1498740805","","0","2017-06-29 12:53:25.382695 UTC","4.9729999999999996e-8","4.9729999999999996e-8","4.9729999999999996e-8","","","","4.9729999999999996e-8","1","","","","[[]]","0.0","","Linux RNXPS13 4.9.30 #1-NixOS SMP Thu May 25 13:45:05 UTC 2017 x86_64 GNU/Linux","","Nothing","master","749ae5b234394a030081bf9a0502709bc82ec9a7","998","rrnewton tty7         2017-06-22 07:52 (:0)\n","","","","","","","0"
"sumtree","boxed","3","RNXPS13","RNXPS13_1498740805","","0","2017-06-29 12:53:25.382695 UTC","3.696e-8","3.696e-8","3.696e-8","","","","3.696e-8","1","","","","[[]]","0.0","","Linux RNXPS13 4.9.30 #1-NixOS SMP Thu May 25 13:45:05 UTC 2017 x86_64 GNU/Linux","","Nothing","master","749ae5b234394a030081bf9a0502709bc82ec9a7","998","rrnewton tty7         2017-06-22 07:52 (:0)\n","","","","","","","0"
"sumtree","packed","3","RNXPS13","RNXPS13_1498740805","","0","2017-06-29 12:53:25.382695 UTC","3.6e-8","3.6e-8","3.6e-8","","","","3.6e-8","1","","","","[[]]","0.0","","Linux RNXPS13 4.9.30 #1-NixOS SMP Thu May 25 13:45:05 UTC 2017 x86_64 GNU/Linux","","Nothing","master","749ae5b234394a030081bf9a0502709bc82ec9a7","998","rrnewton tty7         2017-06-22 07:52 (:0)\n","","","","","","","0"
"sumtree","ST-packed","3","RNXPS13","RNXPS13_1498740805","","0","2017-06-29 12:53:25.382695 UTC","1.2969999999999998e-7","1.2969999999999998e-7","1.2969999999999998e-7","","","","1.2969999999999998e-7","1","","","","[[]]","0.0","","Linux RNXPS13 4.9.30 #1-NixOS SMP Thu May 25 13:45:05 UTC 2017 x86_64 GNU/Linux","","Nothing","master","749ae5b234394a030081bf9a0502709bc82ec9a7","998","rrnewton tty7         2017-06-22 07:52 (:0)\n","","","","","","","0"
"sumtree","unpack-repack","3","RNXPS13","RNXPS13_1498740805","","0","2017-06-29 12:53:25.382695 UTC","1.028e-7","1.028e-7","1.028e-7","","","","1.028e-7","1","","","","[[]]","0.0","","Linux RNXPS13 4.9.30 #1-NixOS SMP Thu May 25 13:45:05 UTC 2017 x86_64 GNU/Linux","","Nothing","master","749ae5b234394a030081bf9a0502709bc82ec9a7","998","rrnewton tty7         2017-06-22 07:52 (:0)\n","","","","","","","0"
"sumtree","boxed","4","RNXPS13","RNXPS13_1498740805","","0","2017-06-29 12:53:25.382695 UTC","7.822e-8","7.822e-8","7.822e-8","","","","7.822e-8","1","","","","[[]]","0.0","","Linux RNXPS13 4.9.30 #1-NixOS SMP Thu May 25 13:45:05 UTC 2017 x86_64 GNU/Linux","","Nothing","master","749ae5b234394a030081bf9a0502709bc82ec9a7","998","rrnewton tty7         2017-06-22 07:52 (:0)\n","","","","","","","0"
"sumtree","packed","4","RNXPS13","RNXPS13_1498740805","","0","2017-06-29 12:53:25.382695 UTC","7.859999999999999e-8","7.859999999999999e-8","7.859999999999999e-8","","","","7.859999999999999e-8","1","","","","[[]]","0.0","","Linux RNXPS13 4.9.30 #1-NixOS SMP Thu May 25 13:45:05 UTC 2017 x86_64 GNU/Linux","","Nothing","master","749ae5b234394a030081bf9a0502709bc82ec9a7","998","rrnewton tty7         2017-06-22 07:52 (:0)\n","","","","","","","0"
"sumtree","ST-packed","4","RNXPS13","RNXPS13_1498740805","","0","2017-06-29 12:53:25.382695 UTC","2.643e-7","2.643e-7","2.643e-7","","","","2.643e-7","1","","","","[[]]","0.0","","Linux RNXPS13 4.9.30 #1-NixOS SMP Thu May 25 13:45:05 UTC 2017 x86_64 GNU/Linux","","Nothing","master","749ae5b234394a030081bf9a0502709bc82ec9a7","998","rrnewton tty7         2017-06-22 07:52 (:0)\n","","","","","","","0"
"sumtree","unpack-repack","4","RNXPS13","RNXPS13_1498740805","","0","2017-06-29 12:53:25.382695 UTC","2.286e-7","2.286e-7","2.286e-7","","","","2.286e-7","1","","","","[[]]","0.0","","Linux RNXPS13 4.9.30 #1-NixOS SMP Thu May 25 13:45:05 UTC 2017 x86_64 GNU/Linux","","Nothing","master","749ae5b234394a030081bf9a0502709bc82ec9a7","998","rrnewton tty7         2017-06-22 07:52 (:0)\n","","","","","","","0"
"sumtree","boxed","5","RNXPS13","RNXPS13_1498740805","","0","2017-06-29 12:53:25.382695 UTC","1.6230000000000002e-7","1.6230000000000002e-7","1.6230000000000002e-7","","","","1.6230000000000002e-7","1","","","","[[]]","0.0","","Linux RNXPS13 4.9.30 #1-NixOS SMP Thu May 25 13:45:05 UTC 2017 x86_64 GNU/Linux","","Nothing","master","749ae5b234394a030081bf9a0502709bc82ec9a7","998","rrnewton tty7         2017-06-22 07:52 (:0)\n","","","","","","","0"
"sumtree","packed","5","RNXPS13","RNXPS13_1498740805","","0","2017-06-29 12:53:25.382695 UTC","1.59e-7","1.59e-7","1.59e-7","","","","1.59e-7","1","","","","[[]]","0.0","","Linux RNXPS13 4.9.30 #1-NixOS SMP Thu May 25 13:45:05 UTC 2017 x86_64 GNU/Linux","","Nothing","master","749ae5b234394a030081bf9a0502709bc82ec9a7","998","rrnewton tty7         2017-06-22 07:52 (:0)\n","","","","","","","0"
"sumtree","ST-packed","5","RNXPS13","RNXPS13_1498740805","","0","2017-06-29 12:53:25.382695 UTC","5.36e-7","5.36e-7","5.36e-7","","","","5.36e-7","1","","","","[[]]","0.0","","Linux RNXPS13 4.9.30 #1-NixOS SMP Thu May 25 13:45:05 UTC 2017 x86_64 GNU/Linux","","Nothing","master","749ae5b234394a030081bf9a0502709bc82ec9a7","998","rrnewton tty7         2017-06-22 07:52 (:0)\n","","","","","","","0"
"sumtree","unpack-repack","5","RNXPS13","RNXPS13_1498740805","","0","2017-06-29 12:53:25.382695 UTC","4.6389999999999997e-7","4.6389999999999997e-7","4.6389999999999997e-7","","","","4.6389999999999997e-7","1","","","","[[]]","0.0","","Linux RNXPS13 4.9.30 #1-NixOS SMP Thu May 25 13:45:05 UTC 2017 x86_64 GNU/Linux","","Nothing","master","749ae5b234394a030081bf9a0502709bc82ec9a7","998","rrnewton tty7         2017-06-22 07:52 (:0)\n","","","","","","","0"
"sumtree","boxed","6","RNXPS13","RNXPS13_1498740805","","0","2017-06-29 12:53:25.382695 UTC","3.3219999999999997e-7","3.3219999999999997e-7","3.3219999999999997e-7","","","","3.3219999999999997e-7","1","","","","[[]]","0.0","","Linux RNXPS13 4.9.30 #1-NixOS SMP Thu May 25 13:45:05 UTC 2017 x86_64 GNU/Linux","","Nothing","master","749ae5b234394a030081bf9a0502709bc82ec9a7","998","rrnewton tty7         2017-06-22 07:52 (:0)\n","","","","","","","0"
"sumtree","packed","6","RNXPS13","RNXPS13_1498740805","","0","2017-06-29 12:53:25.382695 UTC","3.23e-7","3.23e-7","3.23e-7","","","","3.23e-7","1","","","","[[]]","0.0","","Linux RNXPS13 4.9.30 #1-NixOS SMP Thu May 25 13:45:05 UTC 2017 x86_64 GNU/Linux","","Nothing","master","749ae5b234394a030081bf9a0502709bc82ec9a7","998","rrnewton tty7         2017-06-22 07:52 (:0)\n","","","","","","","0"
"sumtree","ST-packed","6","RNXPS13","RNXPS13_1498740805","","0","2017-06-29 12:53:25.382695 UTC","1.0689999999999998e-6","1.0689999999999998e-6","1.0689999999999998e-6","","","","1.0689999999999998e-6","1","","","","[[]]","0.0","","Linux RNXPS13 4.9.30 #1-NixOS SMP Thu May 25 13:45:05 UTC 2017 x86_64 GNU/Linux","","Nothing","master","749ae5b234394a030081bf9a0502709bc82ec9a7","998","rrnewton tty7         2017-06-22 07:52 (:0)\n","","","","","","","0"
"sumtree","unpack-repack","6","RNXPS13","RNXPS13_1498740805","","0","2017-06-29 12:53:25.382695 UTC","9.517e-7","9.517e-7","9.517e-7","","","","9.517e-7","1","","","","[[]]","0.0","","Linux RNXPS13 4.9.30 #1-NixOS SMP Thu May 25 13:45:05 UTC 2017 x86_64 GNU/Linux","","Nothing","master","749ae5b234394a030081bf9a0502709bc82ec9a7","998","rrnewton tty7         2017-06-22 07:52 (:0)\n","","","","","","","0"
"sumtree","boxed","7","RNXPS13","RNXPS13_1498740805","","0","2017-06-29 12:53:25.382695 UTC","6.664e-7","6.664e-7","6.664e-7","","","","6.664e-7","1","","","","[[]]","0.0","","Linux RNXPS13 4.9.30 #1-NixOS SMP Thu May 25 13:45:05 UTC 2017 x86_64 GNU/Linux","","Nothing","master","749ae5b234394a030081bf9a0502709bc82ec9a7","998","rrnewton tty7         2017-06-22 07:52 (:0)\n","","","","","","","0"
"sumtree","packed","7","RNXPS13","RNXPS13_1498740805","","0","2017-06-29 12:53:25.382695 UTC","6.52e-7","6.52e-7","6.52e-7","","","","6.52e-7","1","","","","[[]]","0.0","","Linux RNXPS13 4.9.30 #1-NixOS SMP Thu May 25 13:45:05 UTC 2017 x86_64 GNU/Linux","","Nothing","master","749ae5b234394a030081bf9a0502709bc82ec9a7","998","rrnewton tty7         2017-06-22 07:52 (:0)\n","","","","","","","0"
"sumtree","ST-packed","7","RNXPS13","RNXPS13_1498740805","","0","2017-06-29 12:53:25.382695 UTC","2.153e-6","2.153e-6","2.153e-6","","","","2.153e-6","1","","","","[[]]","0.0","","Linux RNXPS13 4.9.30 #1-NixOS SMP Thu May 25 13:45:05 UTC 2017 x86_64 GNU/Linux","","Nothing","master","749ae5b234394a030081bf9a0502709bc82ec9a7","998","rrnewton tty7         2017-06-22 07:52 (:0)\n","","","","","","","0"
"sumtree","unpack-repack","7","RNXPS13","RNXPS13_1498740805","","0","2017-06-29 12:53:25.382695 UTC","1.9070000000000001e-6","1.9070000000000001e-6","1.9070000000000001e-6","","","","1.9070000000000001e-6","1","","","","[[]]","0.0","","Linux RNXPS13 4.9.30 #1-NixOS SMP Thu May 25 13:45:05 UTC 2017 x86_64 GNU/Linux","","Nothing","master","749ae5b234394a030081bf9a0502709bc82ec9a7","998","rrnewton tty7         2017-06-22 07:52 (:0)\n","","","","","","","0"
"sumtree","boxed","8","RNXPS13","RNXPS13_1498740805","","0","2017-06-29 12:53:25.382695 UTC","1.3369999999999999e-6","1.3369999999999999e-6","1.3369999999999999e-6","","","","1.3369999999999999e-6","1","","","","[[]]","0.0","","Linux RNXPS13 4.9.30 #1-NixOS SMP Thu May 25 13:45:05 UTC 2017 x86_64 GNU/Linux","","Nothing","master","749ae5b234394a030081bf9a0502709bc82ec9a7","998","rrnewton tty7         2017-06-22 07:52 (:0)\n","","","","","","","0"
"sumtree","packed","8","RNXPS13","RNXPS13_1498740805","","0","2017-06-29 12:53:25.382695 UTC","1.313e-6","1.313e-6","1.313e-6","","","","1.313e-6","1","","","","[[]]","0.0","","Linux RNXPS13 4.9.30 #1-NixOS SMP Thu May 25 13:45:05 UTC 2017 x86_64 GNU/Linux","","Nothing","master","749ae5b234394a030081bf9a0502709bc82ec9a7","998","rrnewton tty7         2017-06-22 07:52 (:0)\n","","","","","","","0"
"sumtree","ST-packed","8","RNXPS13","RNXPS13_1498740805","","0","2017-06-29 12:53:25.382695 UTC","4.376e-6","4.376e-6","4.376e-6","","","","4.376e-6","1","","","","[[]]","0.0","","Linux RNXPS13 4.9.30 #1-NixOS SMP Thu May 25 13:45:05 UTC 2017 x86_64 GNU/Linux","","Nothing","master","749ae5b234394a030081bf9a0502709bc82ec9a7","998","rrnewton tty7         2017-06-22 07:52 (:0)\n","","","","","","","0"
"sumtree","unpack-repack","8","RNXPS13","RNXPS13_1498740805","","0","2017-06-29 12:53:25.382695 UTC","4.032e-6","4.032e-6","4.032e-6","","","","4.032e-6","1","","","","[[]]","0.0","","Linux RNXPS13 4.9.30 #1-NixOS SMP Thu May 25 13:45:05 UTC 2017 x86_64 GNU/Linux","","Nothing","master","749ae5b234394a030081bf9a0502709bc82ec9a7","998","rrnewton tty7         2017-06-22 07:52 (:0)\n","","","","","","","0"
"sumtree","boxed","9","RNXPS13","RNXPS13_1498740805","","0","2017-06-29 12:53:25.382695 UTC","2.6760000000000003e-6","2.6760000000000003e-6","2.6760000000000003e-6","","","","2.6760000000000003e-6","1","","","","[[]]","0.0","","Linux RNXPS13 4.9.30 #1-NixOS SMP Thu May 25 13:45:05 UTC 2017 x86_64 GNU/Linux","","Nothing","master","749ae5b234394a030081bf9a0502709bc82ec9a7","998","rrnewton tty7         2017-06-22 07:52 (:0)\n","","","","","","","0"
"sumtree","packed","9","RNXPS13","RNXPS13_1498740805","","0","2017-06-29 12:53:25.382695 UTC","2.626e-6","2.626e-6","2.626e-6","","","","2.626e-6","1","","","","[[]]","0.0","","Linux RNXPS13 4.9.30 #1-NixOS SMP Thu May 25 13:45:05 UTC 2017 x86_64 GNU/Linux","","Nothing","master","749ae5b234394a030081bf9a0502709bc82ec9a7","998","rrnewton tty7         2017-06-22 07:52 (:0)\n","","","","","","","0"
"sumtree","ST-packed","9","RNXPS13","RNXPS13_1498740805","","0","2017-06-29 12:53:25.382695 UTC","8.659000000000001e-6","8.659000000000001e-6","8.659000000000001e-6","","","","8.659000000000001e-6","1","","","","[[]]","0.0","","Linux RNXPS13 4.9.30 #1-NixOS SMP Thu May 25 13:45:05 UTC 2017 x86_64 GNU/Linux","","Nothing","master","749ae5b234394a030081bf9a0502709bc82ec9a7","998","rrnewton tty7         2017-06-22 07:52 (:0)\n","","","","","","","0"
"sumtree","unpack-repack","9","RNXPS13","RNXPS13_1498740805","","0","2017-06-29 12:53:25.382695 UTC","8.659000000000001e-6","8.659000000000001e-6","8.659000000000001e-6","","","","8.659000000000001e-6","1","","","","[[]]","0.0","","Linux RNXPS13 4.9.30 #1-NixOS SMP Thu May 25 13:45:05 UTC 2017 x86_64 GNU/Linux","","Nothing","master","749ae5b234394a030081bf9a0502709bc82ec9a7","998","rrnewton tty7         2017-06-22 07:52 (:0)\n","","","","","","","0"
"sumtree","boxed","10","RNXPS13","RNXPS13_1498740805","","0","2017-06-29 12:53:25.382695 UTC","5.391e-6","5.391e-6","5.391e-6","","","","5.391e-6","1","","","","[[]]","0.0","","Linux RNXPS13 4.9.30 #1-NixOS SMP Thu May 25 13:45:05 UTC 2017 x86_64 GNU/Linux","","Nothing","master","749ae5b234394a030081bf9a0502709bc82ec9a7","998","rrnewton tty7         2017-06-22 07:52 (:0)\n","","","","","","","0"
"sumtree","packed","10","RNXPS13","RNXPS13_1498740805","","0","2017-06-29 12:53:25.382695 UTC","5.24e-6","5.24e-6","5.24e-6","","","","5.24e-6","1","","","","[[]]","0.0","","Linux RNXPS13 4.9.30 #1-NixOS SMP Thu May 25 13:45:05 UTC 2017 x86_64 GNU/Linux","","Nothing","master","749ae5b234394a030081bf9a0502709bc82ec9a7","998","rrnewton tty7         2017-06-22 07:52 (:0)\n","","","","","","","0"
"sumtree","ST-packed","10","RNXPS13","RNXPS13_1498740805","","0","2017-06-29 12:53:25.382695 UTC","1.7160000000000002e-5","1.7160000000000002e-5","1.7160000000000002e-5","","","","1.7160000000000002e-5","1","","","","[[]]","0.0","","Linux RNXPS13 4.9.30 #1-NixOS SMP Thu May 25 13:45:05 UTC 2017 x86_64 GNU/Linux","","Nothing","master","749ae5b234394a030081bf9a0502709bc82ec9a7","998","rrnewton tty7         2017-06-22 07:52 (:0)\n","","","","","","","0"
"sumtree","unpack-repack","10","RNXPS13","RNXPS13_1498740805","","0","2017-06-29 12:53:25.382695 UTC","1.705e-5","1.705e-5","1.705e-5","","","","1.705e-5","1","","","","[[]]","0.0","","Linux RNXPS13 4.9.30 #1-NixOS SMP Thu May 25 13:45:05 UTC 2017 x86_64 GNU/Linux","","Nothing","master","749ae5b234394a030081bf9a0502709bc82ec9a7","998","rrnewton tty7         2017-06-22 07:52 (:0)\n","","","","","","","0"
"sumtree","boxed","11","RNXPS13","RNXPS13_1498740805","","0","2017-06-29 12:53:25.382695 UTC","1.0789999999999998e-5","1.0789999999999998e-5","1.0789999999999998e-5","","","","1.0789999999999998e-5","1","","","","[[]]","0.0","","Linux RNXPS13 4.9.30 #1-NixOS SMP Thu May 25 13:45:05 UTC 2017 x86_64 GNU/Linux","","Nothing","master","749ae5b234394a030081bf9a0502709bc82ec9a7","998","rrnewton tty7         2017-06-22 07:52 (:0)\n","","","","","","","0"
"sumtree","packed","11","RNXPS13","RNXPS13_1498740805","","0","2017-06-29 12:53:25.382695 UTC","1.05e-5","1.05e-5","1.05e-5","","","","1.05e-5","1","","","","[[]]","0.0","","Linux RNXPS13 4.9.30 #1-NixOS SMP Thu May 25 13:45:05 UTC 2017 x86_64 GNU/Linux","","Nothing","master","749ae5b234394a030081bf9a0502709bc82ec9a7","998","rrnewton tty7         2017-06-22 07:52 (:0)\n","","","","","","","0"
"sumtree","ST-packed","11","RNXPS13","RNXPS13_1498740805","","0","2017-06-29 12:53:25.382695 UTC","3.457e-5","3.457e-5","3.457e-5","","","","3.457e-5","1","","","","[[]]","0.0","","Linux RNXPS13 4.9.30 #1-NixOS SMP Thu May 25 13:45:05 UTC 2017 x86_64 GNU/Linux","","Nothing","master","749ae5b234394a030081bf9a0502709bc82ec9a7","998","rrnewton tty7         2017-06-22 07:52 (:0)\n","","","","","","","0"
"sumtree","unpack-repack","11","RNXPS13","RNXPS13_1498740805","","0","2017-06-29 12:53:25.382695 UTC","3.681e-5","3.681e-5","3.681e-5","","","","3.681e-5","1","","","","[[]]","0.0","","Linux RNXPS13 4.9.30 #1-NixOS SMP Thu May 25 13:45:05 UTC 2017 x86_64 GNU/Linux","","Nothing","master","749ae5b234394a030081bf9a0502709bc82ec9a7","998","rrnewton tty7         2017-06-22 07:52 (:0)\n","","","","","","","0"
"sumtree","boxed","12","RNXPS13","RNXPS13_1498740805","","0","2017-06-29 12:53:25.382695 UTC","2.146e-5","2.146e-5","2.146e-5","","","","2.146e-5","1","","","","[[]]","0.0","","Linux RNXPS13 4.9.30 #1-NixOS SMP Thu May 25 13:45:05 UTC 2017 x86_64 GNU/Linux","","Nothing","master","749ae5b234394a030081bf9a0502709bc82ec9a7","998","rrnewton tty7         2017-06-22 07:52 (:0)\n","","","","","","","0"
"sumtree","packed","12","RNXPS13","RNXPS13_1498740805","","0","2017-06-29 12:53:25.382695 UTC","2.0920000000000003e-5","2.0920000000000003e-5","2.0920000000000003e-5","","","","2.0920000000000003e-5","1","","","","[[]]","0.0","","Linux RNXPS13 4.9.30 #1-NixOS SMP Thu May 25 13:45:05 UTC 2017 x86_64 GNU/Linux","","Nothing","master","749ae5b234394a030081bf9a0502709bc82ec9a7","998","rrnewton tty7         2017-06-22 07:52 (:0)\n","","","","","","","0"
"sumtree","ST-packed","12","RNXPS13","RNXPS13_1498740805","","0","2017-06-29 12:53:25.382695 UTC","6.934e-5","6.934e-5","6.934e-5","","","","6.934e-5","1","","","","[[]]","0.0","","Linux RNXPS13 4.9.30 #1-NixOS SMP Thu May 25 13:45:05 UTC 2017 x86_64 GNU/Linux","","Nothing","master","749ae5b234394a030081bf9a0502709bc82ec9a7","998","rrnewton tty7         2017-06-22 07:52 (:0)\n","","","","","","","0"
"sumtree","unpack-repack","12","RNXPS13","RNXPS13_1498740805","","0","2017-06-29 12:53:25.382695 UTC","7.836e-5","7.836e-5","7.836e-5","","","","7.836e-5","1","","","","[[]]","0.0","","Linux RNXPS13 4.9.30 #1-NixOS SMP Thu May 25 13:45:05 UTC 2017 x86_64 GNU/Linux","","Nothing","master","749ae5b234394a030081bf9a0502709bc82ec9a7","998","rrnewton tty7         2017-06-22 07:52 (:0)\n","","","","","","","0"
"sumtree","boxed","13","RNXPS13","RNXPS13_1498740805","","0","2017-06-29 12:53:25.382695 UTC","4.521e-5","4.521e-5","4.521e-5","","","","4.521e-5","1","","","","[[]]","0.0","","Linux RNXPS13 4.9.30 #1-NixOS SMP Thu May 25 13:45:05 UTC 2017 x86_64 GNU/Linux","","Nothing","master","749ae5b234394a030081bf9a0502709bc82ec9a7","998","rrnewton tty7         2017-06-22 07:52 (:0)\n","","","","","","","0"
"sumtree","packed","13","RNXPS13","RNXPS13_1498740805","","0","2017-06-29 12:53:25.382695 UTC","4.179e-5","4.179e-5","4.179e-5","","","","4.179e-5","1","","","","[[]]","0.0","","Linux RNXPS13 4.9.30 #1-NixOS SMP Thu May 25 13:45:05 UTC 2017 x86_64 GNU/Linux","","Nothing","master","749ae5b234394a030081bf9a0502709bc82ec9a7","998","rrnewton tty7         2017-06-22 07:52 (:0)\n","","","","","","","0"
"sumtree","ST-packed","13","RNXPS13","RNXPS13_1498740805","","0","2017-06-29 12:53:25.382695 UTC","1.395e-4","1.395e-4","1.395e-4","","","","1.395e-4","1","","","","[[]]","0.0","","Linux RNXPS13 4.9.30 #1-NixOS SMP Thu May 25 13:45:05 UTC 2017 x86_64 GNU/Linux","","Nothing","master","749ae5b234394a030081bf9a0502709bc82ec9a7","998","rrnewton tty7         2017-06-22 07:52 (:0)\n","","","","","","","0"
"sumtree","unpack-repack","13","RNXPS13","RNXPS13_1498740805","","0","2017-06-29 12:53:25.382695 UTC","1.7669999999999999e-4","1.7669999999999999e-4","1.7669999999999999e-4","","","","1.7669999999999999e-4","1","","","","[[]]","0.0","","Linux RNXPS13 4.9.30 #1-NixOS SMP Thu May 25 13:45:05 UTC 2017 x86_64 GNU/Linux","","Nothing","master","749ae5b234394a030081bf9a0502709bc82ec9a7","998","rrnewton tty7         2017-06-22 07:52 (:0)\n","","","","","","","0"
"sumtree","boxed","14","RNXPS13","RNXPS13_1498740805","","0","2017-06-29 12:53:25.382695 UTC","9.036e-5","9.036e-5","9.036e-5","","","","9.036e-5","1","","","","[[]]","0.0","","Linux RNXPS13 4.9.30 #1-NixOS SMP Thu May 25 13:45:05 UTC 2017 x86_64 GNU/Linux","","Nothing","master","749ae5b234394a030081bf9a0502709bc82ec9a7","998","rrnewton tty7         2017-06-22 07:52 (:0)\n","","","","","","","0"
"sumtree","packed","14","RNXPS13","RNXPS13_1498740805","","0","2017-06-29 12:53:25.382695 UTC","8.327e-5","8.327e-5","8.327e-5","","","","8.327e-5","1","","","","[[]]","0.0","","Linux RNXPS13 4.9.30 #1-NixOS SMP Thu May 25 13:45:05 UTC 2017 x86_64 GNU/Linux","","Nothing","master","749ae5b234394a030081bf9a0502709bc82ec9a7","998","rrnewton tty7         2017-06-22 07:52 (:0)\n","","","","","","","0"
"sumtree","ST-packed","14","RNXPS13","RNXPS13_1498740805","","0","2017-06-29 12:53:25.382695 UTC","2.745e-4","2.745e-4","2.745e-4","","","","2.745e-4","1","","","","[[]]","0.0","","Linux RNXPS13 4.9.30 #1-NixOS SMP Thu May 25 13:45:05 UTC 2017 x86_64 GNU/Linux","","Nothing","master","749ae5b234394a030081bf9a0502709bc82ec9a7","998","rrnewton tty7         2017-06-22 07:52 (:0)\n","","","","","","","0"
"sumtree","unpack-repack","14","RNXPS13","RNXPS13_1498740805","","0","2017-06-29 12:53:25.382695 UTC","4.136e-4","4.136e-4","4.136e-4","","","","4.136e-4","1","","","","[[]]","0.0","","Linux RNXPS13 4.9.30 #1-NixOS SMP Thu May 25 13:45:05 UTC 2017 x86_64 GNU/Linux","","Nothing","master","749ae5b234394a030081bf9a0502709bc82ec9a7","998","rrnewton tty7         2017-06-22 07:52 (:0)\n","","","","","","","0"
"sumtree","boxed","15","RNXPS13","RNXPS13_1498740805","","0","2017-06-29 12:53:25.382695 UTC","1.774e-4","1.774e-4","1.774e-4","","","","1.774e-4","1","","","","[[]]","0.0","","Linux RNXPS13 4.9.30 #1-NixOS SMP Thu May 25 13:45:05 UTC 2017 x86_64 GNU/Linux","","Nothing","master","749ae5b234394a030081bf9a0502709bc82ec9a7","998","rrnewton tty7         2017-06-22 07:52 (:0)\n","","","","","","","0"
"sumtree","packed","15","RNXPS13","RNXPS13_1498740805","","0","2017-06-29 12:53:25.382695 UTC","1.656e-4","1.656e-4","1.656e-4","","","","1.656e-4","1","","","","[[]]","0.0","","Linux RNXPS13 4.9.30 #1-NixOS SMP Thu May 25 13:45:05 UTC 2017 x86_64 GNU/Linux","","Nothing","master","749ae5b234394a030081bf9a0502709bc82ec9a7","998","rrnewton tty7         2017-06-22 07:52 (:0)\n","","","","","","","0"
"sumtree","ST-packed","15","RNXPS13","RNXPS13_1498740805","","0","2017-06-29 12:53:25.382695 UTC","5.692000000000001e-4","5.692000000000001e-4","5.692000000000001e-4","","","","5.692000000000001e-4","1","","","","[[]]","0.0","","Linux RNXPS13 4.9.30 #1-NixOS SMP Thu May 25 13:45:05 UTC 2017 x86_64 GNU/Linux","","Nothing","master","749ae5b234394a030081bf9a0502709bc82ec9a7","998","rrnewton tty7         2017-06-22 07:52 (:0)\n","","","","","","","0"
"sumtree","unpack-repack","15","RNXPS13","RNXPS13_1498740805","","0","2017-06-29 12:53:25.382695 UTC","1.14e-3","1.14e-3","1.14e-3","","","","1.14e-3","1","","","","[[]]","0.0","","Linux RNXPS13 4.9.30 #1-NixOS SMP Thu May 25 13:45:05 UTC 2017 x86_64 GNU/Linux","","Nothing","master","749ae5b234394a030081bf9a0502709bc82ec9a7","998","rrnewton tty7         2017-06-22 07:52 (:0)\n","","","","","","","0"
"sumtree","boxed","16","RNXPS13","RNXPS13_1498740805","","0","2017-06-29 12:53:25.382695 UTC","3.518e-4","3.518e-4","3.518e-4","","","","3.518e-4","1","","","","[[]]","0.0","","Linux RNXPS13 4.9.30 #1-NixOS SMP Thu May 25 13:45:05 UTC 2017 x86_64 GNU/Linux","","Nothing","master","749ae5b234394a030081bf9a0502709bc82ec9a7","998","rrnewton tty7         2017-06-22 07:52 (:0)\n","","","","","","","0"
"sumtree","packed","16","RNXPS13","RNXPS13_1498740805","","0","2017-06-29 12:53:25.382695 UTC","3.317e-4","3.317e-4","3.317e-4","","","","3.317e-4","1","","","","[[]]","0.0","","Linux RNXPS13 4.9.30 #1-NixOS SMP Thu May 25 13:45:05 UTC 2017 x86_64 GNU/Linux","","Nothing","master","749ae5b234394a030081bf9a0502709bc82ec9a7","998","rrnewton tty7         2017-06-22 07:52 (:0)\n","","","","","","","0"
"sumtree","ST-packed","16","RNXPS13","RNXPS13_1498740805","","0","2017-06-29 12:53:25.382695 UTC","1.118e-3","1.118e-3","1.118e-3","","","","1.118e-3","1","","","","[[]]","0.0","","Linux RNXPS13 4.9.30 #1-NixOS SMP Thu May 25 13:45:05 UTC 2017 x86_64 GNU/Linux","","Nothing","master","749ae5b234394a030081bf9a0502709bc82ec9a7","998","rrnewton tty7         2017-06-22 07:52 (:0)\n","","","","","","","0"
"sumtree","unpack-repack","16","RNXPS13","RNXPS13_1498740805","","0","2017-06-29 12:53:25.382695 UTC","3.418e-3","3.418e-3","3.418e-3","","","","3.418e-3","1","","","","[[]]","0.0","","Linux RNXPS13 4.9.30 #1-NixOS SMP Thu May 25 13:45:05 UTC 2017 x86_64 GNU/Linux","","Nothing","master","749ae5b234394a030081bf9a0502709bc82ec9a7","998","rrnewton tty7         2017-06-22 07:52 (:0)\n","","","","","","","0"
"sumtree","boxed","17","RNXPS13","RNXPS13_1498740805","","0","2017-06-29 12:53:25.382695 UTC","6.994e-4","6.994e-4","6.994e-4","","","","6.994e-4","1","","","","[[]]","0.0","","Linux RNXPS13 4.9.30 #1-NixOS SMP Thu May 25 13:45:05 UTC 2017 x86_64 GNU/Linux","","Nothing","master","749ae5b234394a030081bf9a0502709bc82ec9a7","998","rrnewton tty7         2017-06-22 07:52 (:0)\n","","","","","","","0"
"sumtree","packed","17","RNXPS13","RNXPS13_1498740805","","0","2017-06-29 12:53:25.382695 UTC","6.56e-4","6.56e-4","6.56e-4","","","","6.56e-4","1","","","","[[]]","0.0","","Linux RNXPS13 4.9.30 #1-NixOS SMP Thu May 25 13:45:05 UTC 2017 x86_64 GNU/Linux","","Nothing","master","749ae5b234394a030081bf9a0502709bc82ec9a7","998","rrnewton tty7         2017-06-22 07:52 (:0)\n","","","","","","","0"
"sumtree","ST-packed","17","RNXPS13","RNXPS13_1498740805","","0","2017-06-29 12:53:25.382695 UTC","2.15e-3","2.15e-3","2.15e-3","","","","2.15e-3","1","","","","[[]]","0.0","","Linux RNXPS13 4.9.30 #1-NixOS SMP Thu May 25 13:45:05 UTC 2017 x86_64 GNU/Linux","","Nothing","master","749ae5b234394a030081bf9a0502709bc82ec9a7","998","rrnewton tty7         2017-06-22 07:52 (:0)\n","","","","","","","0"
"sumtree","unpack-repack","17","RNXPS13","RNXPS13_1498740805","","0","2017-06-29 12:53:25.382695 UTC","8.314e-3","8.314e-3","8.314e-3","","","","8.314e-3","1","","","","[[]]","0.0","","Linux RNXPS13 4.9.30 #1-NixOS SMP Thu May 25 13:45:05 UTC 2017 x86_64 GNU/Linux","","Nothing","master","749ae5b234394a030081bf9a0502709bc82ec9a7","998","rrnewton tty7         2017-06-22 07:52 (:0)\n","","","","","","","0"
"sumtree","boxed","18","RNXPS13","RNXPS13_1498740805","","0","2017-06-29 12:53:25.382695 UTC","1.367e-3","1.367e-3","1.367e-3","","","","1.367e-3","1","","","","[[]]","0.0","","Linux RNXPS13 4.9.30 #1-NixOS SMP Thu May 25 13:45:05 UTC 2017 x86_64 GNU/Linux","","Nothing","master","749ae5b234394a030081bf9a0502709bc82ec9a7","998","rrnewton tty7         2017-06-22 07:52 (:0)\n","","","","","","","0"
"sumtree","packed","18","RNXPS13","RNXPS13_1498740805","","0","2017-06-29 12:53:25.382695 UTC","1.305e-3","1.305e-3","1.305e-3","","","","1.305e-3","1","","","","[[]]","0.0","","Linux RNXPS13 4.9.30 #1-NixOS SMP Thu May 25 13:45:05 UTC 2017 x86_64 GNU/Linux","","Nothing","master","749ae5b234394a030081bf9a0502709bc82ec9a7","998","rrnewton tty7         2017-06-22 07:52 (:0)\n","","","","","","","0"
"sumtree","ST-packed","18","RNXPS13","RNXPS13_1498740805","","0","2017-06-29 12:53:25.382695 UTC","4.752e-3","4.752e-3","4.752e-3","","","","4.752e-3","1","","","","[[]]","0.0","","Linux RNXPS13 4.9.30 #1-NixOS SMP Thu May 25 13:45:05 UTC 2017 x86_64 GNU/Linux","","Nothing","master","749ae5b234394a030081bf9a0502709bc82ec9a7","998","rrnewton tty7         2017-06-22 07:52 (:0)\n","","","","","","","0"
"sumtree","unpack-repack","18","RNXPS13","RNXPS13_1498740805","","0","2017-06-29 12:53:25.382695 UTC","1.844e-2","1.844e-2","1.844e-2","","","","1.844e-2","1","","","","[[]]","0.0","","Linux RNXPS13 4.9.30 #1-NixOS SMP Thu May 25 13:45:05 UTC 2017 x86_64 GNU/Linux","","Nothing","master","749ae5b234394a030081bf9a0502709bc82ec9a7","998","rrnewton tty7         2017-06-22 07:52 (:0)\n","","","","","","","0"
"sumtree","boxed","19","RNXPS13","RNXPS13_1498740805","","0","2017-06-29 12:53:25.382695 UTC","2.755e-3","2.755e-3","2.755e-3","","","","2.755e-3","1","","","","[[]]","0.0","","Linux RNXPS13 4.9.30 #1-NixOS SMP Thu May 25 13:45:05 UTC 2017 x86_64 GNU/Linux","","Nothing","master","749ae5b234394a030081bf9a0502709bc82ec9a7","998","rrnewton tty7         2017-06-22 07:52 (:0)\n","","","","","","","0"
"sumtree","packed","19","RNXPS13","RNXPS13_1498740805","","0","2017-06-29 12:53:25.382695 UTC","2.576e-3","2.576e-3","2.576e-3","","","","2.576e-3","1","","","","[[]]","0.0","","Linux RNXPS13 4.9.30 #1-NixOS SMP Thu May 25 13:45:05 UTC 2017 x86_64 GNU/Linux","","Nothing","master","749ae5b234394a030081bf9a0502709bc82ec9a7","998","rrnewton tty7         2017-06-22 07:52 (:0)\n","","","","","","","0"
"sumtree","ST-packed","19","RNXPS13","RNXPS13_1498740805","","0","2017-06-29 12:53:25.382695 UTC","8.39e-3","8.39e-3","8.39e-3","","","","8.39e-3","1","","","","[[]]","0.0","","Linux RNXPS13 4.9.30 #1-NixOS SMP Thu May 25 13:45:05 UTC 2017 x86_64 GNU/Linux","","Nothing","master","749ae5b234394a030081bf9a0502709bc82ec9a7","998","rrnewton tty7         2017-06-22 07:52 (:0)\n","","","","","","","0"
"sumtree","unpack-repack","19","RNXPS13","RNXPS13_1498740805","","0","2017-06-29 12:53:25.382695 UTC","4.256e-2","4.256e-2","4.256e-2","","","","4.256e-2","1","","","","[[]]","0.0","","Linux RNXPS13 4.9.30 #1-NixOS SMP Thu May 25 13:45:05 UTC 2017 x86_64 GNU/Linux","","Nothing","master","749ae5b234394a030081bf9a0502709bc82ec9a7","998","rrnewton tty7         2017-06-22 07:52 (:0)\n","","","","","","","0"
"sumtree","boxed","20","RNXPS13","RNXPS13_1498740805","","0","2017-06-29 12:53:25.382695 UTC","6.1189999999999994e-3","6.1189999999999994e-3","6.1189999999999994e-3","","","","6.1189999999999994e-3","1","","","","[[]]","0.0","","Linux RNXPS13 4.9.30 #1-NixOS SMP Thu May 25 13:45:05 UTC 2017 x86_64 GNU/Linux","","Nothing","master","749ae5b234394a030081bf9a0502709bc82ec9a7","998","rrnewton tty7         2017-06-22 07:52 (:0)\n","","","","","","","0"
"sumtree","packed","20","RNXPS13","RNXPS13_1498740805","","0","2017-06-29 12:53:25.382695 UTC","5.058e-3","5.058e-3","5.058e-3","","","","5.058e-3","1","","","","[[]]","0.0","","Linux RNXPS13 4.9.30 #1-NixOS SMP Thu May 25 13:45:05 UTC 2017 x86_64 GNU/Linux","","Nothing","master","749ae5b234394a030081bf9a0502709bc82ec9a7","998","rrnewton tty7         2017-06-22 07:52 (:0)\n","","","","","","","0"
"sumtree","ST-packed","20","RNXPS13","RNXPS13_1498740805","","0","2017-06-29 12:53:25.382695 UTC","1.668e-2","1.668e-2","1.668e-2","","","","1.668e-2","1","","","","[[]]","0.0","","Linux RNXPS13 4.9.30 #1-NixOS SMP Thu May 25 13:45:05 UTC 2017 x86_64 GNU/Linux","","Nothing","master","749ae5b234394a030081bf9a0502709bc82ec9a7","998","rrnewton tty7         2017-06-22 07:52 (:0)\n","","","","","","","0"
"sumtree","unpack-repack","20","RNXPS13","RNXPS13_1498740805","","0","2017-06-29 12:53:25.382695 UTC","9.794e-2","9.794e-2","9.794e-2","","","","9.794e-2","1","","","","[[]]","0.0","","Linux RNXPS13 4.9.30 #1-NixOS SMP Thu May 25 13:45:05 UTC 2017 x86_64 GNU/Linux","","Nothing","master","749ae5b234394a030081bf9a0502709bc82ec9a7","998","rrnewton tty7         2017-06-22 07:52 (:0)\n","","","","","","","0"
"sumtree","boxed","21","RNXPS13","RNXPS13_1498740805","","0","2017-06-29 12:53:25.382695 UTC","2.189e-2","2.189e-2","2.189e-2","","","","2.189e-2","1","","","","[[]]","0.0","","Linux RNXPS13 4.9.30 #1-NixOS SMP Thu May 25 13:45:05 UTC 2017 x86_64 GNU/Linux","","Nothing","master","749ae5b234394a030081bf9a0502709bc82ec9a7","998","rrnewton tty7         2017-06-22 07:52 (:0)\n","","","","","","","0"
"sumtree","packed","21","RNXPS13","RNXPS13_1498740805","","0","2017-06-29 12:53:25.382695 UTC","1.0029999999999999e-2","1.0029999999999999e-2","1.0029999999999999e-2","","","","1.0029999999999999e-2","1","","","","[[]]","0.0","","Linux RNXPS13 4.9.30 #1-NixOS SMP Thu May 25 13:45:05 UTC 2017 x86_64 GNU/Linux","","Nothing","master","749ae5b234394a030081bf9a0502709bc82ec9a7","998","rrnewton tty7         2017-06-22 07:52 (:0)\n","","","","","","","0"
"sumtree","ST-packed","21","RNXPS13","RNXPS13_1498740805","","0","2017-06-29 12:53:25.382695 UTC","3.403e-2","3.403e-2","3.403e-2","","","","3.403e-2","1","","","","[[]]","0.0","","Linux RNXPS13 4.9.30 #1-NixOS SMP Thu May 25 13:45:05 UTC 2017 x86_64 GNU/Linux","","Nothing","master","749ae5b234394a030081bf9a0502709bc82ec9a7","998","rrnewton tty7         2017-06-22 07:52 (:0)\n","","","","","","","0"
"sumtree","unpack-repack","21","RNXPS13","RNXPS13_1498740805","","0","2017-06-29 12:53:25.382695 UTC","0.2072","0.2072","0.2072","","","","0.2072","1","","","","[[]]","0.0","","Linux RNXPS13 4.9.30 #1-NixOS SMP Thu May 25 13:45:05 UTC 2017 x86_64 GNU/Linux","","Nothing","master","749ae5b234394a030081bf9a0502709bc82ec9a7","998","rrnewton tty7         2017-06-22 07:52 (:0)\n","","","","","","","0"
"sumtree","boxed","22","RNXPS13","RNXPS13_1498740805","","0","2017-06-29 12:53:25.382695 UTC","4.474e-2","4.474e-2","4.474e-2","","","","4.474e-2","1","","","","[[]]","0.0","","Linux RNXPS13 4.9.30 #1-NixOS SMP Thu May 25 13:45:05 UTC 2017 x86_64 GNU/Linux","","Nothing","master","749ae5b234394a030081bf9a0502709bc82ec9a7","998","rrnewton tty7         2017-06-22 07:52 (:0)\n","","","","","","","0"
"sumtree","packed","22","RNXPS13","RNXPS13_1498740805","","0","2017-06-29 12:53:25.382695 UTC","2.168e-2","2.168e-2","2.168e-2","","","","2.168e-2","1","","","","[[]]","0.0","","Linux RNXPS13 4.9.30 #1-NixOS SMP Thu May 25 13:45:05 UTC 2017 x86_64 GNU/Linux","","Nothing","master","749ae5b234394a030081bf9a0502709bc82ec9a7","998","rrnewton tty7         2017-06-22 07:52 (:0)\n","","","","","","","0"
"sumtree","ST-packed","22","RNXPS13","RNXPS13_1498740805","","0","2017-06-29 12:53:25.382695 UTC","7.237e-2","7.237e-2","7.237e-2","","","","7.237e-2","1","","","","[[]]","0.0","","Linux RNXPS13 4.9.30 #1-NixOS SMP Thu May 25 13:45:05 UTC 2017 x86_64 GNU/Linux","","Nothing","master","749ae5b234394a030081bf9a0502709bc82ec9a7","998","rrnewton tty7         2017-06-22 07:52 (:0)\n","","","","","","","0"
"sumtree","unpack-repack","22","RNXPS13","RNXPS13_1498740805","","0","2017-06-29 12:53:25.382695 UTC","0.44480000000000003","0.44480000000000003","0.44480000000000003","","","","0.44480000000000003","1","","","","[[]]","0.0","","Linux RNXPS13 4.9.30 #1-NixOS SMP Thu May 25 13:45:05 UTC 2017 x86_64 GNU/Linux","","Nothing","master","749ae5b234394a030081bf9a0502709bc82ec9a7","998","rrnewton tty7         2017-06-22 07:52 (:0)\n","","","","","","","0"
"sumtree","boxed","23","RNXPS13","RNXPS13_1498740805","","0","2017-06-29 12:53:25.382695 UTC","8.959e-2","8.959e-2","8.959e-2","","","","8.959e-2","1","","","","[[]]","0.0","","Linux RNXPS13 4.9.30 #1-NixOS SMP Thu May 25 13:45:05 UTC 2017 x86_64 GNU/Linux","","Nothing","master","749ae5b234394a030081bf9a0502709bc82ec9a7","998","rrnewton tty7         2017-06-22 07:52 (:0)\n","","","","","","","0"
"sumtree","packed","23","RNXPS13","RNXPS13_1498740805","","0","2017-06-29 12:53:25.382695 UTC","4.3840000000000004e-2","4.3840000000000004e-2","4.3840000000000004e-2","","","","4.3840000000000004e-2","1","","","","[[]]","0.0","","Linux RNXPS13 4.9.30 #1-NixOS SMP Thu May 25 13:45:05 UTC 2017 x86_64 GNU/Linux","","Nothing","master","749ae5b234394a030081bf9a0502709bc82ec9a7","998","rrnewton tty7         2017-06-22 07:52 (:0)\n","","","","","","","0"
"sumtree","ST-packed","23","RNXPS13","RNXPS13_1498740805","","0","2017-06-29 12:53:25.382695 UTC","0.1469","0.1469","0.1469","","","","0.1469","1","","","","[[]]","0.0","","Linux RNXPS13 4.9.30 #1-NixOS SMP Thu May 25 13:45:05 UTC 2017 x86_64 GNU/Linux","","Nothing","master","749ae5b234394a030081bf9a0502709bc82ec9a7","998","rrnewton tty7         2017-06-22 07:52 (:0)\n","","","","","","","0"
"sumtree","unpack-repack","23","RNXPS13","RNXPS13_1498740805","","0","2017-06-29 12:53:25.382695 UTC","0.9061","0.9061","0.9061","","","","0.9061","1","","","","[[]]","0.0","","Linux RNXPS13 4.9.30 #1-NixOS SMP Thu May 25 13:45:05 UTC 2017 x86_64 GNU/Linux","","Nothing","master","749ae5b234394a030081bf9a0502709bc82ec9a7","998","rrnewton tty7         2017-06-22 07:52 (:0)\n","","","","","","","0"
"sumtree","boxed","24","RNXPS13","RNXPS13_1498740805","","0","2017-06-29 12:53:25.382695 UTC","0.1784","0.1784","0.1784","","","","0.1784","1","","","","[[]]","0.0","","Linux RNXPS13 4.9.30 #1-NixOS SMP Thu May 25 13:45:05 UTC 2017 x86_64 GNU/Linux","","Nothing","master","749ae5b234394a030081bf9a0502709bc82ec9a7","998","rrnewton tty7         2017-06-22 07:52 (:0)\n","","","","","","","0"
"sumtree","packed","24","RNXPS13","RNXPS13_1498740805","","0","2017-06-29 12:53:25.382695 UTC","8.75e-2","8.75e-2","8.75e-2","","","","8.75e-2","1","","","","[[]]","0.0","","Linux RNXPS13 4.9.30 #1-NixOS SMP Thu May 25 13:45:05 UTC 2017 x86_64 GNU/Linux","","Nothing","master","749ae5b234394a030081bf9a0502709bc82ec9a7","998","rrnewton tty7         2017-06-22 07:52 (:0)\n","","","","","","","0"
"sumtree","ST-packed","24","RNXPS13","RNXPS13_1498740805","","0","2017-06-29 12:53:25.382695 UTC","0.2953","0.2953","0.2953","","","","0.2953","1","","","","[[]]","0.0","","Linux RNXPS13 4.9.30 #1-NixOS SMP Thu May 25 13:45:05 UTC 2017 x86_64 GNU/Linux","","Nothing","master","749ae5b234394a030081bf9a0502709bc82ec9a7","998","rrnewton tty7         2017-06-22 07:52 (:0)\n","","","","","","","0"
"sumtree","unpack-repack","24","RNXPS13","RNXPS13_1498740805","","0","2017-06-29 12:53:25.382695 UTC","1.903","1.903","1.903","","","","1.903","1","","","","[[]]","0.0","","Linux RNXPS13 4.9.30 #1-NixOS SMP Thu May 25 13:45:05 UTC 2017 x86_64 GNU/Linux","","Nothing","master","749ae5b234394a030081bf9a0502709bc82ec9a7","998","rrnewton tty7         2017-06-22 07:52 (:0)\n","","","","","","","0"
"maptree","boxed","1","RNXPS13","RNXPS13_1498740805","","0","2017-06-29 12:53:25.382695 UTC","2.2809999999999997e-8","2.2809999999999997e-8","2.2809999999999997e-8","","","","2.2809999999999997e-8","1","","","","[[]]","0.0","","Linux RNXPS13 4.9.30 #1-NixOS SMP Thu May 25 13:45:05 UTC 2017 x86_64 GNU/Linux","","Nothing","master","749ae5b234394a030081bf9a0502709bc82ec9a7","998","rrnewton tty7         2017-06-22 07:52 (:0)\n","","","","","","","0"
"maptree","packed","1","RNXPS13","RNXPS13_1498740805","","0","2017-06-29 12:53:25.382695 UTC","1.71e-7","1.71e-7","1.71e-7","","","","1.71e-7","1","","","","[[]]","0.0","","Linux RNXPS13 4.9.30 #1-NixOS SMP Thu May 25 13:45:05 UTC 2017 x86_64 GNU/Linux","","Nothing","master","749ae5b234394a030081bf9a0502709bc82ec9a7","998","rrnewton tty7         2017-06-22 07:52 (:0)\n","","","","","","","0"
"maptree","ST-packed","1","RNXPS13","RNXPS13_1498740805","","0","2017-06-29 12:53:25.382695 UTC","1.766e-7","1.766e-7","1.766e-7","","","","1.766e-7","1","","","","[[]]","0.0","","Linux RNXPS13 4.9.30 #1-NixOS SMP Thu May 25 13:45:05 UTC 2017 x86_64 GNU/Linux","","Nothing","master","749ae5b234394a030081bf9a0502709bc82ec9a7","998","rrnewton tty7         2017-06-22 07:52 (:0)\n","","","","","","","0"
"maptree","unpack-repack","1","RNXPS13","RNXPS13_1498740805","","0","2017-06-29 12:53:25.382695 UTC","2.15e-7","2.15e-7","2.15e-7","","","","2.15e-7","1","","","","[[]]","0.0","","Linux RNXPS13 4.9.30 #1-NixOS SMP Thu May 25 13:45:05 UTC 2017 x86_64 GNU/Linux","","Nothing","master","749ae5b234394a030081bf9a0502709bc82ec9a7","998","rrnewton tty7         2017-06-22 07:52 (:0)\n","","","","","","","0"
"maptree","boxed","2","RNXPS13","RNXPS13_1498740805","","0","2017-06-29 12:53:25.382695 UTC","4.8679999999999997e-8","4.8679999999999997e-8","4.8679999999999997e-8","","","","4.8679999999999997e-8","1","","","","[[]]","0.0","","Linux RNXPS13 4.9.30 #1-NixOS SMP Thu May 25 13:45:05 UTC 2017 x86_64 GNU/Linux","","Nothing","master","749ae5b234394a030081bf9a0502709bc82ec9a7","998","rrnewton tty7         2017-06-22 07:52 (:0)\n","","","","","","","0"
"maptree","packed","2","RNXPS13","RNXPS13_1498740805","","0","2017-06-29 12:53:25.382695 UTC","1.823e-7","1.823e-7","1.823e-7","","","","1.823e-7","1","","","","[[]]","0.0","","Linux RNXPS13 4.9.30 #1-NixOS SMP Thu May 25 13:45:05 UTC 2017 x86_64 GNU/Linux","","Nothing","master","749ae5b234394a030081bf9a0502709bc82ec9a7","998","rrnewton tty7         2017-06-22 07:52 (:0)\n","","","","","","","0"
"maptree","ST-packed","2","RNXPS13","RNXPS13_1498740805","","0","2017-06-29 12:53:25.382695 UTC","2.0880000000000002e-7","2.0880000000000002e-7","2.0880000000000002e-7","","","","2.0880000000000002e-7","1","","","","[[]]","0.0","","Linux RNXPS13 4.9.30 #1-NixOS SMP Thu May 25 13:45:05 UTC 2017 x86_64 GNU/Linux","","Nothing","master","749ae5b234394a030081bf9a0502709bc82ec9a7","998","rrnewton tty7         2017-06-22 07:52 (:0)\n","","","","","","","0"
"maptree","unpack-repack","2","RNXPS13","RNXPS13_1498740805","","0","2017-06-29 12:53:25.382695 UTC","2.82e-7","2.82e-7","2.82e-7","","","","2.82e-7","1","","","","[[]]","0.0","","Linux RNXPS13 4.9.30 #1-NixOS SMP Thu May 25 13:45:05 UTC 2017 x86_64 GNU/Linux","","Nothing","master","749ae5b234394a030081bf9a0502709bc82ec9a7","998","rrnewton tty7         2017-06-22 07:52 (:0)\n","","","","","","","0"
"maptree","boxed","3","RNXPS13","RNXPS13_1498740805","","0","2017-06-29 12:53:25.382695 UTC","1.101e-7","1.101e-7","1.101e-7","","","","1.101e-7","1","","","","[[]]","0.0","","Linux RNXPS13 4.9.30 #1-NixOS SMP Thu May 25 13:45:05 UTC 2017 x86_64 GNU/Linux","","Nothing","master","749ae5b234394a030081bf9a0502709bc82ec9a7","998","rrnewton tty7         2017-06-22 07:52 (:0)\n","","","","","","","0"
"maptree","packed","3","RNXPS13","RNXPS13_1498740805","","0","2017-06-29 12:53:25.382695 UTC","2.057e-7","2.057e-7","2.057e-7","","","","2.057e-7","1","","","","[[]]","0.0","","Linux RNXPS13 4.9.30 #1-NixOS SMP Thu May 25 13:45:05 UTC 2017 x86_64 GNU/Linux","","Nothing","master","749ae5b234394a030081bf9a0502709bc82ec9a7","998","rrnewton tty7         2017-06-22 07:52 (:0)\n","","","","","","","0"
"maptree","ST-packed","3","RNXPS13","RNXPS13_1498740805","","0","2017-06-29 12:53:25.382695 UTC","2.8e-7","2.8e-7","2.8e-7","","","","2.8e-7","1","","","","[[]]","0.0","","Linux RNXPS13 4.9.30 #1-NixOS SMP Thu May 25 13:45:05 UTC 2017 x86_64 GNU/Linux","","Nothing","master","749ae5b234394a030081bf9a0502709bc82ec9a7","998","rrnewton tty7         2017-06-22 07:52 (:0)\n","","","","","","","0"
"maptree","unpack-repack","3","RNXPS13","RNXPS13_1498740805","","0","2017-06-29 12:53:25.382695 UTC","4.0710000000000004e-7","4.0710000000000004e-7","4.0710000000000004e-7","","","","4.0710000000000004e-7","1","","","","[[]]","0.0","","Linux RNXPS13 4.9.30 #1-NixOS SMP Thu May 25 13:45:05 UTC 2017 x86_64 GNU/Linux","","Nothing","master","749ae5b234394a030081bf9a0502709bc82ec9a7","998","rrnewton tty7         2017-06-22 07:52 (:0)\n","","","","","","","0"
"maptree","boxed","4","RNXPS13","RNXPS13_1498740805","","0","2017-06-29 12:53:25.382695 UTC","2.026e-7","2.026e-7","2.026e-7","","","","2.026e-7","1","","","","[[]]","0.0","","Linux RNXPS13 4.9.30 #1-NixOS SMP Thu May 25 13:45:05 UTC 2017 x86_64 GNU/Linux","","Nothing","master","749ae5b234394a030081bf9a0502709bc82ec9a7","998","rrnewton tty7         2017-06-22 07:52 (:0)\n","","","","","","","0"
"maptree","packed","4","RNXPS13","RNXPS13_1498740805","","0","2017-06-29 12:53:25.382695 UTC","2.752e-7","2.752e-7","2.752e-7","","","","2.752e-7","1","","","","[[]]","0.0","","Linux RNXPS13 4.9.30 #1-NixOS SMP Thu May 25 13:45:05 UTC 2017 x86_64 GNU/Linux","","Nothing","master","749ae5b234394a030081bf9a0502709bc82ec9a7","998","rrnewton tty7         2017-06-22 07:52 (:0)\n","","","","","","","0"
"maptree","ST-packed","4","RNXPS13","RNXPS13_1498740805","","0","2017-06-29 12:53:25.382695 UTC","3.9689999999999996e-7","3.9689999999999996e-7","3.9689999999999996e-7","","","","3.9689999999999996e-7","1","","","","[[]]","0.0","","Linux RNXPS13 4.9.30 #1-NixOS SMP Thu May 25 13:45:05 UTC 2017 x86_64 GNU/Linux","","Nothing","master","749ae5b234394a030081bf9a0502709bc82ec9a7","998","rrnewton tty7         2017-06-22 07:52 (:0)\n","","","","","","","0"
"maptree","unpack-repack","4","RNXPS13","RNXPS13_1498740805","","0","2017-06-29 12:53:25.382695 UTC","6.047e-7","6.047e-7","6.047e-7","","","","6.047e-7","1","","","","[[]]","0.0","","Linux RNXPS13 4.9.30 #1-NixOS SMP Thu May 25 13:45:05 UTC 2017 x86_64 GNU/Linux","","Nothing","master","749ae5b234394a030081bf9a0502709bc82ec9a7","998","rrnewton tty7         2017-06-22 07:52 (:0)\n","","","","","","","0"
"maptree","boxed","5","RNXPS13","RNXPS13_1498740805","","0","2017-06-29 12:53:25.382695 UTC","4.0710000000000004e-7","4.0710000000000004e-7","4.0710000000000004e-7","","","","4.0710000000000004e-7","1","","","","[[]]","0.0","","Linux RNXPS13 4.9.30 #1-NixOS SMP Thu May 25 13:45:05 UTC 2017 x86_64 GNU/Linux","","Nothing","master","749ae5b234394a030081bf9a0502709bc82ec9a7","998","rrnewton tty7         2017-06-22 07:52 (:0)\n","","","","","","","0"
"maptree","packed","5","RNXPS13","RNXPS13_1498740805","","0","2017-06-29 12:53:25.382695 UTC","3.8660000000000003e-7","3.8660000000000003e-7","3.8660000000000003e-7","","","","3.8660000000000003e-7","1","","","","[[]]","0.0","","Linux RNXPS13 4.9.30 #1-NixOS SMP Thu May 25 13:45:05 UTC 2017 x86_64 GNU/Linux","","Nothing","master","749ae5b234394a030081bf9a0502709bc82ec9a7","998","rrnewton tty7         2017-06-22 07:52 (:0)\n","","","","","","","0"
"maptree","ST-packed","5","RNXPS13","RNXPS13_1498740805","","0","2017-06-29 12:53:25.382695 UTC","6.236e-7","6.236e-7","6.236e-7","","","","6.236e-7","1","","","","[[]]","0.0","","Linux RNXPS13 4.9.30 #1-NixOS SMP Thu May 25 13:45:05 UTC 2017 x86_64 GNU/Linux","","Nothing","master","749ae5b234394a030081bf9a0502709bc82ec9a7","998","rrnewton tty7         2017-06-22 07:52 (:0)\n","","","","","","","0"
"maptree","unpack-repack","5","RNXPS13","RNXPS13_1498740805","","0","2017-06-29 12:53:25.382695 UTC","1.012e-6","1.012e-6","1.012e-6","","","","1.012e-6","1","","","","[[]]","0.0","","Linux RNXPS13 4.9.30 #1-NixOS SMP Thu May 25 13:45:05 UTC 2017 x86_64 GNU/Linux","","Nothing","master","749ae5b234394a030081bf9a0502709bc82ec9a7","998","rrnewton tty7         2017-06-22 07:52 (:0)\n","","","","","","","0"
"maptree","boxed","6","RNXPS13","RNXPS13_1498740805","","0","2017-06-29 12:53:25.382695 UTC","8.298e-7","8.298e-7","8.298e-7","","","","8.298e-7","1","","","","[[]]","0.0","","Linux RNXPS13 4.9.30 #1-NixOS SMP Thu May 25 13:45:05 UTC 2017 x86_64 GNU/Linux","","Nothing","master","749ae5b234394a030081bf9a0502709bc82ec9a7","998","rrnewton tty7         2017-06-22 07:52 (:0)\n","","","","","","","0"
"maptree","packed","6","RNXPS13","RNXPS13_1498740805","","0","2017-06-29 12:53:25.382695 UTC","6.549e-7","6.549e-7","6.549e-7","","","","6.549e-7","1","","","","[[]]","0.0","","Linux RNXPS13 4.9.30 #1-NixOS SMP Thu May 25 13:45:05 UTC 2017 x86_64 GNU/Linux","","Nothing","master","749ae5b234394a030081bf9a0502709bc82ec9a7","998","rrnewton tty7         2017-06-22 07:52 (:0)\n","","","","","","","0"
"maptree","ST-packed","6","RNXPS13","RNXPS13_1498740805","","0","2017-06-29 12:53:25.382695 UTC","1.085e-6","1.085e-6","1.085e-6","","","","1.085e-6","1","","","","[[]]","0.0","","Linux RNXPS13 4.9.30 #1-NixOS SMP Thu May 25 13:45:05 UTC 2017 x86_64 GNU/Linux","","Nothing","master","749ae5b234394a030081bf9a0502709bc82ec9a7","998","rrnewton tty7         2017-06-22 07:52 (:0)\n","","","","","","","0"
"maptree","unpack-repack","6","RNXPS13","RNXPS13_1498740805","","0","2017-06-29 12:53:25.382695 UTC","1.816e-6","1.816e-6","1.816e-6","","","","1.816e-6","1","","","","[[]]","0.0","","Linux RNXPS13 4.9.30 #1-NixOS SMP Thu May 25 13:45:05 UTC 2017 x86_64 GNU/Linux","","Nothing","master","749ae5b234394a030081bf9a0502709bc82ec9a7","998","rrnewton tty7         2017-06-22 07:52 (:0)\n","","","","","","","0"
"maptree","boxed","7","RNXPS13","RNXPS13_1498740805","","0","2017-06-29 12:53:25.382695 UTC","1.6730000000000001e-6","1.6730000000000001e-6","1.6730000000000001e-6","","","","1.6730000000000001e-6","1","","","","[[]]","0.0","","Linux RNXPS13 4.9.30 #1-NixOS SMP Thu May 25 13:45:05 UTC 2017 x86_64 GNU/Linux","","Nothing","master","749ae5b234394a030081bf9a0502709bc82ec9a7","998","rrnewton tty7         2017-06-22 07:52 (:0)\n","","","","","","","0"
"maptree","packed","7","RNXPS13","RNXPS13_1498740805","","0","2017-06-29 12:53:25.382695 UTC","1.161e-6","1.161e-6","1.161e-6","","","","1.161e-6","1","","","","[[]]","0.0","","Linux RNXPS13 4.9.30 #1-NixOS SMP Thu May 25 13:45:05 UTC 2017 x86_64 GNU/Linux","","Nothing","master","749ae5b234394a030081bf9a0502709bc82ec9a7","998","rrnewton tty7         2017-06-22 07:52 (:0)\n","","","","","","","0"
"maptree","ST-packed","7","RNXPS13","RNXPS13_1498740805","","0","2017-06-29 12:53:25.382695 UTC","2.092e-6","2.092e-6","2.092e-6","","","","2.092e-6","1","","","","[[]]","0.0","","Linux RNXPS13 4.9.30 #1-NixOS SMP Thu May 25 13:45:05 UTC 2017 x86_64 GNU/Linux","","Nothing","master","749ae5b234394a030081bf9a0502709bc82ec9a7","998","rrnewton tty7         2017-06-22 07:52 (:0)\n","","","","","","","0"
"maptree","unpack-repack","7","RNXPS13","RNXPS13_1498740805","","0","2017-06-29 12:53:25.382695 UTC","3.489e-6","3.489e-6","3.489e-6","","","","3.489e-6","1","","","","[[]]","0.0","","Linux RNXPS13 4.9.30 #1-NixOS SMP Thu May 25 13:45:05 UTC 2017 x86_64 GNU/Linux","","Nothing","master","749ae5b234394a030081bf9a0502709bc82ec9a7","998","rrnewton tty7         2017-06-22 07:52 (:0)\n","","","","","","","0"
"maptree","boxed","8","RNXPS13","RNXPS13_1498740805","","0","2017-06-29 12:53:25.382695 UTC","3.3580000000000003e-6","3.3580000000000003e-6","3.3580000000000003e-6","","","","3.3580000000000003e-6","1","","","","[[]]","0.0","","Linux RNXPS13 4.9.30 #1-NixOS SMP Thu May 25 13:45:05 UTC 2017 x86_64 GNU/Linux","","Nothing","master","749ae5b234394a030081bf9a0502709bc82ec9a7","998","rrnewton tty7         2017-06-22 07:52 (:0)\n","","","","","","","0"
"maptree","packed","8","RNXPS13","RNXPS13_1498740805","","0","2017-06-29 12:53:25.382695 UTC","2.214e-6","2.214e-6","2.214e-6","","","","2.214e-6","1","","","","[[]]","0.0","","Linux RNXPS13 4.9.30 #1-NixOS SMP Thu May 25 13:45:05 UTC 2017 x86_64 GNU/Linux","","Nothing","master","749ae5b234394a030081bf9a0502709bc82ec9a7","998","rrnewton tty7         2017-06-22 07:52 (:0)\n","","","","","","","0"
"maptree","ST-packed","8","RNXPS13","RNXPS13_1498740805","","0","2017-06-29 12:53:25.382695 UTC","4.003999999999999e-6","4.003999999999999e-6","4.003999999999999e-6","","","","4.003999999999999e-6","1","","","","[[]]","0.0","","Linux RNXPS13 4.9.30 #1-NixOS SMP Thu May 25 13:45:05 UTC 2017 x86_64 GNU/Linux","","Nothing","master","749ae5b234394a030081bf9a0502709bc82ec9a7","998","rrnewton tty7         2017-06-22 07:52 (:0)\n","","","","","","","0"
"maptree","unpack-repack","8","RNXPS13","RNXPS13_1498740805","","0","2017-06-29 12:53:25.382695 UTC","6.865e-6","6.865e-6","6.865e-6","","","","6.865e-6","1","","","","[[]]","0.0","","Linux RNXPS13 4.9.30 #1-NixOS SMP Thu May 25 13:45:05 UTC 2017 x86_64 GNU/Linux","","Nothing","master","749ae5b234394a030081bf9a0502709bc82ec9a7","998","rrnewton tty7         2017-06-22 07:52 (:0)\n","","","","","","","0"
"maptree","boxed","9","RNXPS13","RNXPS13_1498740805","","0","2017-06-29 12:53:25.382695 UTC","6.819e-6","6.819e-6","6.819e-6","","","","6.819e-6","1","","","","[[]]","0.0","","Linux RNXPS13 4.9.30 #1-NixOS SMP Thu May 25 13:45:05 UTC 2017 x86_64 GNU/Linux","","Nothing","master","749ae5b234394a030081bf9a0502709bc82ec9a7","998","rrnewton tty7         2017-06-22 07:52 (:0)\n","","","","","","","0"
"maptree","packed","9","RNXPS13","RNXPS13_1498740805","","0","2017-06-29 12:53:25.382695 UTC","4.199e-6","4.199e-6","4.199e-6","","","","4.199e-6","1","","","","[[]]","0.0","","Linux RNXPS13 4.9.30 #1-NixOS SMP Thu May 25 13:45:05 UTC 2017 x86_64 GNU/Linux","","Nothing","master","749ae5b234394a030081bf9a0502709bc82ec9a7","998","rrnewton tty7         2017-06-22 07:52 (:0)\n","","","","","","","0"
"maptree","ST-packed","9","RNXPS13","RNXPS13_1498740805","","0","2017-06-29 12:53:25.382695 UTC","7.644999999999999e-6","7.644999999999999e-6","7.644999999999999e-6","","","","7.644999999999999e-6","1","","","","[[]]","0.0","","Linux RNXPS13 4.9.30 #1-NixOS SMP Thu May 25 13:45:05 UTC 2017 x86_64 GNU/Linux","","Nothing","master","749ae5b234394a030081bf9a0502709bc82ec9a7","998","rrnewton tty7         2017-06-22 07:52 (:0)\n","","","","","","","0"
"maptree","unpack-repack","9","RNXPS13","RNXPS13_1498740805","","0","2017-06-29 12:53:25.382695 UTC","1.3539999999999999e-5","1.3539999999999999e-5","1.3539999999999999e-5","","","","1.3539999999999999e-5","1","","","","[[]]","0.0","","Linux RNXPS13 4.9.30 #1-NixOS SMP Thu May 25 13:45:05 UTC 2017 x86_64 GNU/Linux","","Nothing","master","749ae5b234394a030081bf9a0502709bc82ec9a7","998","rrnewton tty7         2017-06-22 07:52 (:0)\n","","","","","","","0"
"maptree","boxed","10","RNXPS13","RNXPS13_1498740805","","0","2017-06-29 12:53:25.382695 UTC","1.4570000000000001e-5","1.4570000000000001e-5","1.4570000000000001e-5","","","","1.4570000000000001e-5","1","","","","[[]]","0.0","","Linux RNXPS13 4.9.30 #1-NixOS SMP Thu May 25 13:45:05 UTC 2017 x86_64 GNU/Linux","","Nothing","master","749ae5b234394a030081bf9a0502709bc82ec9a7","998","rrnewton tty7         2017-06-22 07:52 (:0)\n","","","","","","","0"
"maptree","packed","10","RNXPS13","RNXPS13_1498740805","","0","2017-06-29 12:53:25.382695 UTC","8.332000000000001e-6","8.332000000000001e-6","8.332000000000001e-6","","","","8.332000000000001e-6","1","","","","[[]]","0.0","","Linux RNXPS13 4.9.30 #1-NixOS SMP Thu May 25 13:45:05 UTC 2017 x86_64 GNU/Linux","","Nothing","master","749ae5b234394a030081bf9a0502709bc82ec9a7","998","rrnewton tty7         2017-06-22 07:52 (:0)\n","","","","","","","0"
"maptree","ST-packed","10","RNXPS13","RNXPS13_1498740805","","0","2017-06-29 12:53:25.382695 UTC","1.507e-5","1.507e-5","1.507e-5","","","","1.507e-5","1","","","","[[]]","0.0","","Linux RNXPS13 4.9.30 #1-NixOS SMP Thu May 25 13:45:05 UTC 2017 x86_64 GNU/Linux","","Nothing","master","749ae5b234394a030081bf9a0502709bc82ec9a7","998","rrnewton tty7         2017-06-22 07:52 (:0)\n","","","","","","","0"
"maptree","unpack-repack","10","RNXPS13","RNXPS13_1498740805","","0","2017-06-29 12:53:25.382695 UTC","2.724e-5","2.724e-5","2.724e-5","","","","2.724e-5","1","","","","[[]]","0.0","","Linux RNXPS13 4.9.30 #1-NixOS SMP Thu May 25 13:45:05 UTC 2017 x86_64 GNU/Linux","","Nothing","master","749ae5b234394a030081bf9a0502709bc82ec9a7","998","rrnewton tty7         2017-06-22 07:52 (:0)\n","","","","","","","0"
"maptree","boxed","11","RNXPS13","RNXPS13_1498740805","","0","2017-06-29 12:53:25.382695 UTC","3.087e-5","3.087e-5","3.087e-5","","","","3.087e-5","1","","","","[[]]","0.0","","Linux RNXPS13 4.9.30 #1-NixOS SMP Thu May 25 13:45:05 UTC 2017 x86_64 GNU/Linux","","Nothing","master","749ae5b234394a030081bf9a0502709bc82ec9a7","998","rrnewton tty7         2017-06-22 07:52 (:0)\n","","","","","","","0"
"maptree","packed","11","RNXPS13","RNXPS13_1498740805","","0","2017-06-29 12:53:25.382695 UTC","1.634e-5","1.634e-5","1.634e-5","","","","1.634e-5","1","","","","[[]]","0.0","","Linux RNXPS13 4.9.30 #1-NixOS SMP Thu May 25 13:45:05 UTC 2017 x86_64 GNU/Linux","","Nothing","master","749ae5b234394a030081bf9a0502709bc82ec9a7","998","rrnewton tty7         2017-06-22 07:52 (:0)\n","","","","","","","0"
"maptree","ST-packed","11","RNXPS13","RNXPS13_1498740805","","0","2017-06-29 12:53:25.382695 UTC","3.002e-5","3.002e-5","3.002e-5","","","","3.002e-5","1","","","","[[]]","0.0","","Linux RNXPS13 4.9.30 #1-NixOS SMP Thu May 25 13:45:05 UTC 2017 x86_64 GNU/Linux","","Nothing","master","749ae5b234394a030081bf9a0502709bc82ec9a7","998","rrnewton tty7         2017-06-22 07:52 (:0)\n","","","","","","","0"
"maptree","unpack-repack","11","RNXPS13","RNXPS13_1498740805","","0","2017-06-29 12:53:25.382695 UTC","5.857e-5","5.857e-5","5.857e-5","","","","5.857e-5","1","","","","[[]]","0.0","","Linux RNXPS13 4.9.30 #1-NixOS SMP Thu May 25 13:45:05 UTC 2017 x86_64 GNU/Linux","","Nothing","master","749ae5b234394a030081bf9a0502709bc82ec9a7","998","rrnewton tty7         2017-06-22 07:52 (:0)\n","","","","","","","0"
"maptree","boxed","12","RNXPS13","RNXPS13_1498740805","","0","2017-06-29 12:53:25.382695 UTC","7.08e-5","7.08e-5","7.08e-5","","","","7.08e-5","1","","","","[[]]","0.0","","Linux RNXPS13 4.9.30 #1-NixOS SMP Thu May 25 13:45:05 UTC 2017 x86_64 GNU/Linux","","Nothing","master","749ae5b234394a030081bf9a0502709bc82ec9a7","998","rrnewton tty7         2017-06-22 07:52 (:0)\n","","","","","","","0"
"maptree","packed","12","RNXPS13","RNXPS13_1498740805","","0","2017-06-29 12:53:25.382695 UTC","3.2590000000000005e-5","3.2590000000000005e-5","3.2590000000000005e-5","","","","3.2590000000000005e-5","1","","","","[[]]","0.0","","Linux RNXPS13 4.9.30 #1-NixOS SMP Thu May 25 13:45:05 UTC 2017 x86_64 GNU/Linux","","Nothing","master","749ae5b234394a030081bf9a0502709bc82ec9a7","998","rrnewton tty7         2017-06-22 07:52 (:0)\n","","","","","","","0"
"maptree","ST-packed","12","RNXPS13","RNXPS13_1498740805","","0","2017-06-29 12:53:25.382695 UTC","5.9590000000000004e-5","5.9590000000000004e-5","5.9590000000000004e-5","","","","5.9590000000000004e-5","1","","","","[[]]","0.0","","Linux RNXPS13 4.9.30 #1-NixOS SMP Thu May 25 13:45:05 UTC 2017 x86_64 GNU/Linux","","Nothing","master","749ae5b234394a030081bf9a0502709bc82ec9a7","998","rrnewton tty7         2017-06-22 07:52 (:0)\n","","","","","","","0"
"maptree","unpack-repack","12","RNXPS13","RNXPS13_1498740805","","0","2017-06-29 12:53:25.382695 UTC","1.3030000000000002e-4","1.3030000000000002e-4","1.3030000000000002e-4","","","","1.3030000000000002e-4","1","","","","[[]]","0.0","","Linux RNXPS13 4.9.30 #1-NixOS SMP Thu May 25 13:45:05 UTC 2017 x86_64 GNU/Linux","","Nothing","master","749ae5b234394a030081bf9a0502709bc82ec9a7","998","rrnewton tty7         2017-06-22 07:52 (:0)\n","","","","","","","0"
"maptree","boxed","13","RNXPS13","RNXPS13_1498740805","","0","2017-06-29 12:53:25.382695 UTC","1.763e-4","1.763e-4","1.763e-4","","","","1.763e-4","1","","","","[[]]","0.0","","Linux RNXPS13 4.9.30 #1-NixOS SMP Thu May 25 13:45:05 UTC 2017 x86_64 GNU/Linux","","Nothing","master","749ae5b234394a030081bf9a0502709bc82ec9a7","998","rrnewton tty7         2017-06-22 07:52 (:0)\n","","","","","","","0"
"maptree","packed","13","RNXPS13","RNXPS13_1498740805","","0","2017-06-29 12:53:25.382695 UTC","6.521e-5","6.521e-5","6.521e-5","","","","6.521e-5","1","","","","[[]]","0.0","","Linux RNXPS13 4.9.30 #1-NixOS SMP Thu May 25 13:45:05 UTC 2017 x86_64 GNU/Linux","","Nothing","master","749ae5b234394a030081bf9a0502709bc82ec9a7","998","rrnewton tty7         2017-06-22 07:52 (:0)\n","","","","","","","0"
"maptree","ST-packed","13","RNXPS13","RNXPS13_1498740805","","0","2017-06-29 12:53:25.382695 UTC","1.213e-4","1.213e-4","1.213e-4","","","","1.213e-4","1","","","","[[]]","0.0","","Linux RNXPS13 4.9.30 #1-NixOS SMP Thu May 25 13:45:05 UTC 2017 x86_64 GNU/Linux","","Nothing","master","749ae5b234394a030081bf9a0502709bc82ec9a7","998","rrnewton tty7         2017-06-22 07:52 (:0)\n","","","","","","","0"
"maptree","unpack-repack","13","RNXPS13","RNXPS13_1498740805","","0","2017-06-29 12:53:25.382695 UTC","3.002e-4","3.002e-4","3.002e-4","","","","3.002e-4","1","","","","[[]]","0.0","","Linux RNXPS13 4.9.30 #1-NixOS SMP Thu May 25 13:45:05 UTC 2017 x86_64 GNU/Linux","","Nothing","master","749ae5b234394a030081bf9a0502709bc82ec9a7","998","rrnewton tty7         2017-06-22 07:52 (:0)\n","","","","","","","0"
"maptree","boxed","14","RNXPS13","RNXPS13_1498740805","","0","2017-06-29 12:53:25.382695 UTC","5.452e-4","5.452e-4","5.452e-4","","","","5.452e-4","1","","","","[[]]","0.0","","Linux RNXPS13 4.9.30 #1-NixOS SMP Thu May 25 13:45:05 UTC 2017 x86_64 GNU/Linux","","Nothing","master","749ae5b234394a030081bf9a0502709bc82ec9a7","998","rrnewton tty7         2017-06-22 07:52 (:0)\n","","","","","","","0"
"maptree","packed","14","RNXPS13","RNXPS13_1498740805","","0","2017-06-29 12:53:25.382695 UTC","1.281e-4","1.281e-4","1.281e-4","","","","1.281e-4","1","","","","[[]]","0.0","","Linux RNXPS13 4.9.30 #1-NixOS SMP Thu May 25 13:45:05 UTC 2017 x86_64 GNU/Linux","","Nothing","master","749ae5b234394a030081bf9a0502709bc82ec9a7","998","rrnewton tty7         2017-06-22 07:52 (:0)\n","","","","","","","0"
"maptree","ST-packed","14","RNXPS13","RNXPS13_1498740805","","0","2017-06-29 12:53:25.382695 UTC","2.439e-4","2.439e-4","2.439e-4","","","","2.439e-4","1","","","","[[]]","0.0","","Linux RNXPS13 4.9.30 #1-NixOS SMP Thu May 25 13:45:05 UTC 2017 x86_64 GNU/Linux","","Nothing","master","749ae5b234394a030081bf9a0502709bc82ec9a7","998","rrnewton tty7         2017-06-22 07:52 (:0)\n","","","","","","","0"
"maptree","unpack-repack","14","RNXPS13","RNXPS13_1498740805","","0","2017-06-29 12:53:25.382695 UTC","8.051e-4","8.051e-4","8.051e-4","","","","8.051e-4","1","","","","[[]]","0.0","","Linux RNXPS13 4.9.30 #1-NixOS SMP Thu May 25 13:45:05 UTC 2017 x86_64 GNU/Linux","","Nothing","master","749ae5b234394a030081bf9a0502709bc82ec9a7","998","rrnewton tty7         2017-06-22 07:52 (:0)\n","","","","","","","0"
"maptree","boxed","15","RNXPS13","RNXPS13_1498740805","","0","2017-06-29 12:53:25.382695 UTC","1.575e-3","1.575e-3","1.575e-3","","","","1.575e-3","1","","","","[[]]","0.0","","Linux RNXPS13 4.9.30 #1-NixOS SMP Thu May 25 13:45:05 UTC 2017 x86_64 GNU/Linux","","Nothing","master","749ae5b234394a030081bf9a0502709bc82ec9a7","998","rrnewton tty7         2017-06-22 07:52 (:0)\n","","","","","","","0"
"maptree","packed","15","RNXPS13","RNXPS13_1498740805","","0","2017-06-29 12:53:25.382695 UTC","2.525e-4","2.525e-4","2.525e-4","","","","2.525e-4","1","","","","[[]]","0.0","","Linux RNXPS13 4.9.30 #1-NixOS SMP Thu May 25 13:45:05 UTC 2017 x86_64 GNU/Linux","","Nothing","master","749ae5b234394a030081bf9a0502709bc82ec9a7","998","rrnewton tty7         2017-06-22 07:52 (:0)\n","","","","","","","0"
"maptree","ST-packed","15","RNXPS13","RNXPS13_1498740805","","0","2017-06-29 12:53:25.382695 UTC","4.895e-4","4.895e-4","4.895e-4","","","","4.895e-4","1","","","","[[]]","0.0","","Linux RNXPS13 4.9.30 #1-NixOS SMP Thu May 25 13:45:05 UTC 2017 x86_64 GNU/Linux","","Nothing","master","749ae5b234394a030081bf9a0502709bc82ec9a7","998","rrnewton tty7         2017-06-22 07:52 (:0)\n","","","","","","","0"
"maptree","unpack-repack","15","RNXPS13","RNXPS13_1498740805","","0","2017-06-29 12:53:25.382695 UTC","2.496e-3","2.496e-3","2.496e-3","","","","2.496e-3","1","","","","[[]]","0.0","","Linux RNXPS13 4.9.30 #1-NixOS SMP Thu May 25 13:45:05 UTC 2017 x86_64 GNU/Linux","","Nothing","master","749ae5b234394a030081bf9a0502709bc82ec9a7","998","rrnewton tty7         2017-06-22 07:52 (:0)\n","","","","","","","0"
"maptree","boxed","16","RNXPS13","RNXPS13_1498740805","","0","2017-06-29 12:53:25.382695 UTC","3.1520000000000003e-3","3.1520000000000003e-3","3.1520000000000003e-3","","","","3.1520000000000003e-3","1","","","","[[]]","0.0","","Linux RNXPS13 4.9.30 #1-NixOS SMP Thu May 25 13:45:05 UTC 2017 x86_64 GNU/Linux","","Nothing","master","749ae5b234394a030081bf9a0502709bc82ec9a7","998","rrnewton tty7         2017-06-22 07:52 (:0)\n","","","","","","","0"
"maptree","packed","16","RNXPS13","RNXPS13_1498740805","","0","2017-06-29 12:53:25.382695 UTC","5.046e-4","5.046e-4","5.046e-4","","","","5.046e-4","1","","","","[[]]","0.0","","Linux RNXPS13 4.9.30 #1-NixOS SMP Thu May 25 13:45:05 UTC 2017 x86_64 GNU/Linux","","Nothing","master","749ae5b234394a030081bf9a0502709bc82ec9a7","998","rrnewton tty7         2017-06-22 07:52 (:0)\n","","","","","","","0"
"maptree","ST-packed","16","RNXPS13","RNXPS13_1498740805","","0","2017-06-29 12:53:25.382695 UTC","1.0580000000000001e-3","1.0580000000000001e-3","1.0580000000000001e-3","","","","1.0580000000000001e-3","1","","","","[[]]","0.0","","Linux RNXPS13 4.9.30 #1-NixOS SMP Thu May 25 13:45:05 UTC 2017 x86_64 GNU/Linux","","Nothing","master","749ae5b234394a030081bf9a0502709bc82ec9a7","998","rrnewton tty7         2017-06-22 07:52 (:0)\n","","","","","","","0"
"maptree","unpack-repack","16","RNXPS13","RNXPS13_1498740805","","0","2017-06-29 12:53:25.382695 UTC","5.827e-3","5.827e-3","5.827e-3","","","","5.827e-3","1","","","","[[]]","0.0","","Linux RNXPS13 4.9.30 #1-NixOS SMP Thu May 25 13:45:05 UTC 2017 x86_64 GNU/Linux","","Nothing","master","749ae5b234394a030081bf9a0502709bc82ec9a7","998","rrnewton tty7         2017-06-22 07:52 (:0)\n","","","","","","","0"
"maptree","boxed","17","RNXPS13","RNXPS13_1498740805","","0","2017-06-29 12:53:25.382695 UTC","6.296e-3","6.296e-3","6.296e-3","","","","6.296e-3","1","","","","[[]]","0.0","","Linux RNXPS13 4.9.30 #1-NixOS SMP Thu May 25 13:45:05 UTC 2017 x86_64 GNU/Linux","","Nothing","master","749ae5b234394a030081bf9a0502709bc82ec9a7","998","rrnewton tty7         2017-06-22 07:52 (:0)\n","","","","","","","0"
"maptree","packed","17","RNXPS13","RNXPS13_1498740805","","0","2017-06-29 12:53:25.382695 UTC","1.09e-3","1.09e-3","1.09e-3","","","","1.09e-3","1","","","","[[]]","0.0","","Linux RNXPS13 4.9.30 #1-NixOS SMP Thu May 25 13:45:05 UTC 2017 x86_64 GNU/Linux","","Nothing","master","749ae5b234394a030081bf9a0502709bc82ec9a7","998","rrnewton tty7         2017-06-22 07:52 (:0)\n","","","","","","","0"
"maptree","ST-packed","17","RNXPS13","RNXPS13_1498740805","","0","2017-06-29 12:53:25.382695 UTC","2.072e-3","2.072e-3","2.072e-3","","","","2.072e-3","1","","","","[[]]","0.0","","Linux RNXPS13 4.9.30 #1-NixOS SMP Thu May 25 13:45:05 UTC 2017 x86_64 GNU/Linux","","Nothing","master","749ae5b234394a030081bf9a0502709bc82ec9a7","998","rrnewton tty7         2017-06-22 07:52 (:0)\n","","","","","","","0"
"maptree","unpack-repack","17","RNXPS13","RNXPS13_1498740805","","0","2017-06-29 12:53:25.382695 UTC","1.36e-2","1.36e-2","1.36e-2","","","","1.36e-2","1","","","","[[]]","0.0","","Linux RNXPS13 4.9.30 #1-NixOS SMP Thu May 25 13:45:05 UTC 2017 x86_64 GNU/Linux","","Nothing","master","749ae5b234394a030081bf9a0502709bc82ec9a7","998","rrnewton tty7         2017-06-22 07:52 (:0)\n","","","","","","","0"
"maptree","boxed","18","RNXPS13","RNXPS13_1498740805","","0","2017-06-29 12:53:25.382695 UTC","1.222e-2","1.222e-2","1.222e-2","","","","1.222e-2","1","","","","[[]]","0.0","","Linux RNXPS13 4.9.30 #1-NixOS SMP Thu May 25 13:45:05 UTC 2017 x86_64 GNU/Linux","","Nothing","master","749ae5b234394a030081bf9a0502709bc82ec9a7","998","rrnewton tty7         2017-06-22 07:52 (:0)\n","","","","","","","0"
"maptree","packed","18","RNXPS13","RNXPS13_1498740805","","0","2017-06-29 12:53:25.382695 UTC","2.449e-3","2.449e-3","2.449e-3","","","","2.449e-3","1","","","","[[]]","0.0","","Linux RNXPS13 4.9.30 #1-NixOS SMP Thu May 25 13:45:05 UTC 2017 x86_64 GNU/Linux","","Nothing","master","749ae5b234394a030081bf9a0502709bc82ec9a7","998","rrnewton tty7         2017-06-22 07:52 (:0)\n","","","","","","","0"
"maptree","ST-packed","18","RNXPS13","RNXPS13_1498740805","","0","2017-06-29 12:53:25.382695 UTC","3.947e-3","3.947e-3","3.947e-3","","","","3.947e-3","1","","","","[[]]","0.0","","Linux RNXPS13 4.9.30 #1-NixOS SMP Thu May 25 13:45:05 UTC 2017 x86_64 GNU/Linux","","Nothing","master","749ae5b234394a030081bf9a0502709bc82ec9a7","998","rrnewton tty7         2017-06-22 07:52 (:0)\n","","","","","","","0"
"maptree","unpack-repack","18","RNXPS13","RNXPS13_1498740805","","0","2017-06-29 12:53:25.382695 UTC","2.982e-2","2.982e-2","2.982e-2","","","","2.982e-2","1","","","","[[]]","0.0","","Linux RNXPS13 4.9.30 #1-NixOS SMP Thu May 25 13:45:05 UTC 2017 x86_64 GNU/Linux","","Nothing","master","749ae5b234394a030081bf9a0502709bc82ec9a7","998","rrnewton tty7         2017-06-22 07:52 (:0)\n","","","","","","","0"
"maptree","boxed","19","RNXPS13","RNXPS13_1498740805","","0","2017-06-29 12:53:25.382695 UTC","2.6879999999999998e-2","2.6879999999999998e-2","2.6879999999999998e-2","","","","2.6879999999999998e-2","1","","","","[[]]","0.0","","Linux RNXPS13 4.9.30 #1-NixOS SMP Thu May 25 13:45:05 UTC 2017 x86_64 GNU/Linux","","Nothing","master","749ae5b234394a030081bf9a0502709bc82ec9a7","998","rrnewton tty7         2017-06-22 07:52 (:0)\n","","","","","","","0"
"maptree","packed","19","RNXPS13","RNXPS13_1498740805","","0","2017-06-29 12:53:25.382695 UTC","4.525e-3","4.525e-3","4.525e-3","","","","4.525e-3","1","","","","[[]]","0.0","","Linux RNXPS13 4.9.30 #1-NixOS SMP Thu May 25 13:45:05 UTC 2017 x86_64 GNU/Linux","","Nothing","master","749ae5b234394a030081bf9a0502709bc82ec9a7","998","rrnewton tty7         2017-06-22 07:52 (:0)\n","","","","","","","0"
"maptree","ST-packed","19","RNXPS13","RNXPS13_1498740805","","0","2017-06-29 12:53:25.382695 UTC","7.622e-3","7.622e-3","7.622e-3","","","","7.622e-3","1","","","","[[]]","0.0","","Linux RNXPS13 4.9.30 #1-NixOS SMP Thu May 25 13:45:05 UTC 2017 x86_64 GNU/Linux","","Nothing","master","749ae5b234394a030081bf9a0502709bc82ec9a7","998","rrnewton tty7         2017-06-22 07:52 (:0)\n","","","","","","","0"
"maptree","unpack-repack","19","RNXPS13","RNXPS13_1498740805","","0","2017-06-29 12:53:25.382695 UTC","6.848e-2","6.848e-2","6.848e-2","","","","6.848e-2","1","","","","[[]]","0.0","","Linux RNXPS13 4.9.30 #1-NixOS SMP Thu May 25 13:45:05 UTC 2017 x86_64 GNU/Linux","","Nothing","master","749ae5b234394a030081bf9a0502709bc82ec9a7","998","rrnewton tty7         2017-06-22 07:52 (:0)\n","","","","","","","0"
"maptree","boxed","20","RNXPS13","RNXPS13_1498740805","","0","2017-06-29 12:53:25.382695 UTC","5.67e-2","5.67e-2","5.67e-2","","","","5.67e-2","1","","","","[[]]","0.0","","Linux RNXPS13 4.9.30 #1-NixOS SMP Thu May 25 13:45:05 UTC 2017 x86_64 GNU/Linux","","Nothing","master","749ae5b234394a030081bf9a0502709bc82ec9a7","998","rrnewton tty7         2017-06-22 07:52 (:0)\n","","","","","","","0"
"maptree","packed","20","RNXPS13","RNXPS13_1498740805","","0","2017-06-29 12:53:25.382695 UTC","8.676e-3","8.676e-3","8.676e-3","","","","8.676e-3","1","","","","[[]]","0.0","","Linux RNXPS13 4.9.30 #1-NixOS SMP Thu May 25 13:45:05 UTC 2017 x86_64 GNU/Linux","","Nothing","master","749ae5b234394a030081bf9a0502709bc82ec9a7","998","rrnewton tty7         2017-06-22 07:52 (:0)\n","","","","","","","0"
"maptree","ST-packed","20","RNXPS13","RNXPS13_1498740805","","0","2017-06-29 12:53:25.382695 UTC","1.459e-2","1.459e-2","1.459e-2","","","","1.459e-2","1","","","","[[]]","0.0","","Linux RNXPS13 4.9.30 #1-NixOS SMP Thu May 25 13:45:05 UTC 2017 x86_64 GNU/Linux","","Nothing","master","749ae5b234394a030081bf9a0502709bc82ec9a7","998","rrnewton tty7         2017-06-22 07:52 (:0)\n","","","","","","","0"
"maptree","unpack-repack","20","RNXPS13","RNXPS13_1498740805","","0","2017-06-29 12:53:25.382695 UTC","0.15319999999999998","0.15319999999999998","0.15319999999999998","","","","0.15319999999999998","1","","","","[[]]","0.0","","Linux RNXPS13 4.9.30 #1-NixOS SMP Thu May 25 13:45:05 UTC 2017 x86_64 GNU/Linux","","Nothing","master","749ae5b234394a030081bf9a0502709bc82ec9a7","998","rrnewton tty7         2017-06-22 07:52 (:0)\n","","","","","","","0"
"maptree","boxed","21","RNXPS13","RNXPS13_1498740805","","0","2017-06-29 12:53:25.382695 UTC","0.10940000000000001","0.10940000000000001","0.10940000000000001","","","","0.10940000000000001","1","","","","[[]]","0.0","","Linux RNXPS13 4.9.30 #1-NixOS SMP Thu May 25 13:45:05 UTC 2017 x86_64 GNU/Linux","","Nothing","master","749ae5b234394a030081bf9a0502709bc82ec9a7","998","rrnewton tty7         2017-06-22 07:52 (:0)\n","","","","","","","0"
"maptree","packed","21","RNXPS13","RNXPS13_1498740805","","0","2017-06-29 12:53:25.382695 UTC","1.627e-2","1.627e-2","1.627e-2","","","","1.627e-2","1","","","","[[]]","0.0","","Linux RNXPS13 4.9.30 #1-NixOS SMP Thu May 25 13:45:05 UTC 2017 x86_64 GNU/Linux","","Nothing","master","749ae5b234394a030081bf9a0502709bc82ec9a7","998","rrnewton tty7         2017-06-22 07:52 (:0)\n","","","","","","","0"
"maptree","ST-packed","21","RNXPS13","RNXPS13_1498740805","","0","2017-06-29 12:53:25.382695 UTC","3.127e-2","3.127e-2","3.127e-2","","","","3.127e-2","1","","","","[[]]","0.0","","Linux RNXPS13 4.9.30 #1-NixOS SMP Thu May 25 13:45:05 UTC 2017 x86_64 GNU/Linux","","Nothing","master","749ae5b234394a030081bf9a0502709bc82ec9a7","998","rrnewton tty7         2017-06-22 07:52 (:0)\n","","","","","","","0"
"maptree","unpack-repack","21","RNXPS13","RNXPS13_1498740805","","0","2017-06-29 12:53:25.382695 UTC","0.31","0.31","0.31","","","","0.31","1","","","","[[]]","0.0","","Linux RNXPS13 4.9.30 #1-NixOS SMP Thu May 25 13:45:05 UTC 2017 x86_64 GNU/Linux","","Nothing","master","749ae5b234394a030081bf9a0502709bc82ec9a7","998","rrnewton tty7         2017-06-22 07:52 (:0)\n","","","","","","","0"
"maptree","boxed","22","RNXPS13","RNXPS13_1498740805","","0","2017-06-29 12:53:25.382695 UTC","0.2527","0.2527","0.2527","","","","0.2527","1","","","","[[]]","0.0","","Linux RNXPS13 4.9.30 #1-NixOS SMP Thu May 25 13:45:05 UTC 2017 x86_64 GNU/Linux","","Nothing","master","749ae5b234394a030081bf9a0502709bc82ec9a7","998","rrnewton tty7         2017-06-22 07:52 (:0)\n","","","","","","","0"
"maptree","packed","22","RNXPS13","RNXPS13_1498740805","","0","2017-06-29 12:53:25.382695 UTC","3.405e-2","3.405e-2","3.405e-2","","","","3.405e-2","1","","","","[[]]","0.0","","Linux RNXPS13 4.9.30 #1-NixOS SMP Thu May 25 13:45:05 UTC 2017 x86_64 GNU/Linux","","Nothing","master","749ae5b234394a030081bf9a0502709bc82ec9a7","998","rrnewton tty7         2017-06-22 07:52 (:0)\n","","","","","","","0"
"maptree","ST-packed","22","RNXPS13","RNXPS13_1498740805","","0","2017-06-29 12:53:25.382695 UTC","6.093e-2","6.093e-2","6.093e-2","","","","6.093e-2","1","","","","[[]]","0.0","","Linux RNXPS13 4.9.30 #1-NixOS SMP Thu May 25 13:45:05 UTC 2017 x86_64 GNU/Linux","","Nothing","master","749ae5b234394a030081bf9a0502709bc82ec9a7","998","rrnewton tty7         2017-06-22 07:52 (:0)\n","","","","","","","0"
"maptree","unpack-repack","22","RNXPS13","RNXPS13_1498740805","","0","2017-06-29 12:53:25.382695 UTC","0.7273999999999999","0.7273999999999999","0.7273999999999999","","","","0.7273999999999999","1","","","","[[]]","0.0","","Linux RNXPS13 4.9.30 #1-NixOS SMP Thu May 25 13:45:05 UTC 2017 x86_64 GNU/Linux","","Nothing","master","749ae5b234394a030081bf9a0502709bc82ec9a7","998","rrnewton tty7         2017-06-22 07:52 (:0)\n","","","","","","","0"
"maptree","boxed","23","RNXPS13","RNXPS13_1498740805","","0","2017-06-29 12:53:25.382695 UTC","0.5418","0.5418","0.5418","","","","0.5418","1","","","","[[]]","0.0","","Linux RNXPS13 4.9.30 #1-NixOS SMP Thu May 25 13:45:05 UTC 2017 x86_64 GNU/Linux","","Nothing","master","749ae5b234394a030081bf9a0502709bc82ec9a7","998","rrnewton tty7         2017-06-22 07:52 (:0)\n","","","","","","","0"
"maptree","packed","23","RNXPS13","RNXPS13_1498740805","","0","2017-06-29 12:53:25.382695 UTC","7.709999999999999e-2","7.709999999999999e-2","7.709999999999999e-2","","","","7.709999999999999e-2","1","","","","[[]]","0.0","","Linux RNXPS13 4.9.30 #1-NixOS SMP Thu May 25 13:45:05 UTC 2017 x86_64 GNU/Linux","","Nothing","master","749ae5b234394a030081bf9a0502709bc82ec9a7","998","rrnewton tty7         2017-06-22 07:52 (:0)\n","","","","","","","0"
"maptree","ST-packed","23","RNXPS13","RNXPS13_1498740805","","0","2017-06-29 12:53:25.382695 UTC","0.1193","0.1193","0.1193","","","","0.1193","1","","","","[[]]","0.0","","Linux RNXPS13 4.9.30 #1-NixOS SMP Thu May 25 13:45:05 UTC 2017 x86_64 GNU/Linux","","Nothing","master","749ae5b234394a030081bf9a0502709bc82ec9a7","998","rrnewton tty7         2017-06-22 07:52 (:0)\n","","","","","","","0"
"maptree","unpack-repack","23","RNXPS13","RNXPS13_1498740805","","0","2017-06-29 12:53:25.382695 UTC","1.458","1.458","1.458","","","","1.458","1","","","","[[]]","0.0","","Linux RNXPS13 4.9.30 #1-NixOS SMP Thu May 25 13:45:05 UTC 2017 x86_64 GNU/Linux","","Nothing","master","749ae5b234394a030081bf9a0502709bc82ec9a7","998","rrnewton tty7         2017-06-22 07:52 (:0)\n","","","","","","","0"
"maptree","boxed","24","RNXPS13","RNXPS13_1498740805","","0","2017-06-29 12:53:25.382695 UTC","1.081","1.081","1.081","","","","1.081","1","","","","[[]]","0.0","","Linux RNXPS13 4.9.30 #1-NixOS SMP Thu May 25 13:45:05 UTC 2017 x86_64 GNU/Linux","","Nothing","master","749ae5b234394a030081bf9a0502709bc82ec9a7","998","rrnewton tty7         2017-06-22 07:52 (:0)\n","","","","","","","0"
"maptree","packed","24","RNXPS13","RNXPS13_1498740805","","0","2017-06-29 12:53:25.382695 UTC","0.15430000000000002","0.15430000000000002","0.15430000000000002","","","","0.15430000000000002","1","","","","[[]]","0.0","","Linux RNXPS13 4.9.30 #1-NixOS SMP Thu May 25 13:45:05 UTC 2017 x86_64 GNU/Linux","","Nothing","master","749ae5b234394a030081bf9a0502709bc82ec9a7","998","rrnewton tty7         2017-06-22 07:52 (:0)\n","","","","","","","0"
"maptree","ST-packed","24","RNXPS13","RNXPS13_1498740805","","0","2017-06-29 12:53:25.382695 UTC","0.2414","0.2414","0.2414","","","","0.2414","1","","","","[[]]","0.0","","Linux RNXPS13 4.9.30 #1-NixOS SMP Thu May 25 13:45:05 UTC 2017 x86_64 GNU/Linux","","Nothing","master","749ae5b234394a030081bf9a0502709bc82ec9a7","998","rrnewton tty7         2017-06-22 07:52 (:0)\n","","","","","","","0"
"maptree","unpack-repack","24","RNXPS13","RNXPS13_1498740805","","0","2017-06-29 12:53:25.382695 UTC","2.933","2.933","2.933","","","","2.933","1","","","","[[]]","0.0","","Linux RNXPS13 4.9.30 #1-NixOS SMP Thu May 25 13:45:05 UTC 2017 x86_64 GNU/Linux","","Nothing","master","749ae5b234394a030081bf9a0502709bc82ec9a7","998","rrnewton tty7         2017-06-22 07:52 (:0)\n","","","","","","","0"
